monat,produkt,kostenstelle,plan_menge,ist_menge,plan_preis,ist_preis,variable_stueckkosten,fixkosten_produkt
2025-01,Headset Business,Vertrieb Ost,120,105.0,75.0,78.88,32.0,1600
2026-03,Tastatur Mechanisch,Vertrieb West,100,96.0,95.0,96.0,42.0,1800
2026-10,Monitor 32 Zoll Curved,Vertrieb West,24,28.0,480.0,474.44,270.0,5000
2026-12,Monitor 27 Zoll,Vertrieb Nord,60,66.0,280.0,266.9,160.0,4000
2025-10,Tastatur Mechanisch,Vertrieb Sued,100,91.0,95.0,95.69,42.0,1800
2026-11,Buerostuhl Ergonomic,Vertrieb Online,18,17.0,550.0,570.96,290.0,7000
2025-11,Maus Wireless,Vertrieb Ost,280,291.0,28.0,27.39,10.0,900
2025-07,Tastatur Mechanisch,Vertrieb Sued,100,105.0,95.0,91.56,42.0,1800
2025-06,Headset Business,Vertrieb Sued,120,110.0,75.0,79.06,32.0,1600
2026-07,Headset Business,Vertrieb West,120,113.0,75.0,77.47,32.0,1600
2026-01,Buerostuhl Ergonomic,Vertrieb West,18,15.0,550.0,568.3,290.0,7000
2026-02,Monitor 24 Zoll,Vertrieb Nord,70,,180.0,167.56,100.0,2500
2025-01,Maus Wireless,Vertrieb Ost,280,278.0,28.0,26.09,10.0,900
2025-12,Maus Wireless,Vertrieb Nord,280,,28.0,30.09,10.0,900
2025-03,Dockingstation USB-C,Vertrieb Online,76,67.0,140.0,141.41,65.0,2200
2026-05,Dockingstation USB-C,Vertrieb West,76,76.0,140.0,146.07,65.0,2200
2026-05,Dockingstation USB-C,Vertrieb Ost,76,81.0,140.0,139.06,65.0,2200
2026-11,Monitor 32 Zoll Curved,Vertrieb Sued,24,15.0,480.0,445.53,270.0,5000
2026-07,Schreibtisch Fix,Vertrieb Sued,40,38.0,220.0,226.01,110.0,3500
2025-12,Tastatur Wireless,Vertrieb Sued,240,226.0,45.0,45.82,18.0,1200
2025-10,Tastatur Mechanisch,Vertrieb Nord,100,118.0,95.0,96.71,42.0,1800
2026-03,Tastatur Mechanisch,Vertrieb Nord,100,115.0,95.0,99.6,42.0,1800
2025-09,Buerostuhl Basic,Vertrieb West,80,69.0,120.0,121.51,70.0,3000
2026-05,Tastatur Mechanisch,Vertrieb Online,100,105.0,95.0,95.37,42.0,1800
2026-12,Monitor 27 Zoll,Vertrieb Online,60,63.0,280.0,266.5,160.0,4000
2026-08,Schreibtisch Elektrisch,Vertrieb West,18,19.0,650.0,638.47,380.0,8000
2026-10,Schreibtischlampe LED,Vertrieb Sued,180,199.0,38.0,37.72,14.0,800
2026-01,Schreibtisch Elektrisch,Vertrieb Online,18,18.0,650.0,678.24,380.0,8000
2026-01,Buerostuhl Premium,Vertrieb Online,30,32.0,350.0,350.03,180.0,6000
2025-04,Schreibtischlampe LED,Vertrieb Nord,180,233.0,38.0,40.25,14.0,800
2025-01,Headset Business,Vertrieb West,120,113.0,75.0,71.8,32.0,1600
2025-01,Maus Wireless,Vertrieb West,280,288.0,28.0,27.97,10.0,900
2026-02,Buerostuhl Ergonomic,Vertrieb Ost,18,19.0,550.0,567.82,290.0,7000
2026-10,Buerostuhl Premium,Vertrieb West,30,30.0,350.0,372.78,180.0,6000
2026-02,Buerostuhl Ergonomic,Vertrieb West,18,20.0,550.0,567.32,290.0,7000
2026-07,Schreibtisch Fix,Vertrieb Nord,40,36.0,220.0,239.27,110.0,3500
2026-06,Schreibtischlampe LED,Vertrieb Sued,180,198.0,38.0,40.91,14.0,800
2025-10,Maus Wireless,Vertrieb Online,280,285.0,28.0,27.39,10.0,900
2026-11,Schreibtisch Fix,Vertrieb Sued,40,53.0,220.0,213.42,110.0,3500
2026-03,Buerostuhl Premium,Vertrieb Nord,30,26.0,350.0,379.44,180.0,6000
2026-09,Headset Business,Vertrieb Sued,120,99.0,75.0,77.29,32.0,1600
2025-02,Dockingstation USB-C,Vertrieb Nord,76,59.0,140.0,133.5,65.0,2200
2025-07,Buerostuhl Ergonomic,Vertrieb Sued,18,14.0,550.0,513.49,290.0,7000
2025-05,Webcam HD,Vertrieb Sued,140,135.0,55.0,57.68,22.0,1100
2026-03,Schreibtisch Elektrisch,Vertrieb Ost,18,21.0,650.0,677.26,380.0,8000
2025-06,Buerostuhl Ergonomic,Vertrieb Ost,18,21.0,550.0,547.97,290.0,7000
2025-11,Webcam HD,Vertrieb Ost,140,129.0,55.0,52.13,22.0,1100
2025-07,Dockingstation USB-C,Vertrieb West,76,63.0,140.0,145.01,65.0,2200
2025-08,Maus Wireless,Vertrieb Sued,280,282.0,28.0,28.46,10.0,900
2026-05,Buerostuhl Basic,Vertrieb Nord,80,82.0,120.0,121.24,70.0,3000
2026-02,Schreibtisch Elektrisch,Vertrieb West,18,16.0,650.0,677.77,380.0,8000
2026-09,Dockingstation USB-C,Vertrieb Sued,76,50.0,140.0,126.75,65.0,2200
2026-09,Tastatur Wireless,Vertrieb Ost,240,248.0,45.0,45.33,18.0,1200
2026-07,Monitor 32 Zoll Curved,Vertrieb Nord,24,25.0,480.0,437.56,270.0,5000
2026-04,Buerostuhl Premium,Vertrieb Sued,30,29.0,350.0,342.93,180.0,6000
2026-07,Webcam HD,Vertrieb Ost,140,139.0,55.0,52.66,22.0,1100
2025-06,Webcam HD,Vertrieb Online,140,141.0,55.0,53.79,22.0,1100
2026-11,Monitor 27 Zoll,Vertrieb Online,60,58.0,280.0,269.7,160.0,4000
2026-02,Headset Business,Vertrieb Nord,120,106.0,75.0,78.28,32.0,1600
2026-02,Headset Business,Vertrieb West,120,140.0,75.0,71.72,32.0,1600
2025-12,Schreibtischlampe LED,Vertrieb Sued,180,187.0,38.0,34.46,14.0,800
2026-11,Dockingstation USB-C,Vertrieb Nord,76,64.0,140.0,141.84,65.0,2200
2025-01,Webcam HD,Vertrieb West,140,158.0,55.0,58.83,22.0,1100
2025-03,Tastatur Mechanisch,Vertrieb West,100,94.0,95.0,91.61,42.0,1800
2026-09,Schreibtisch Fix,Vertrieb Online,40,39.0,220.0,202.31,110.0,3500
2025-05,Headset Business,Vertrieb Online,120,131.0,75.0,75.12,32.0,1600
2026-09,Buerostuhl Basic,Vertrieb Online,80,76.0,120.0,120.62,70.0,3000
2025-11,Monitor 24 Zoll,Vertrieb Ost,70,55.0,180.0,168.58,100.0,2500
2025-05,Buerostuhl Premium,Vertrieb Nord,30,33.0,350.0,383.81,180.0,6000
2025-02,Monitor 24 Zoll,Vertrieb Nord,70,67.0,180.0,178.91,100.0,2500
2025-11,Schreibtischlampe LED,Vertrieb Nord,180,,38.0,40.45,14.0,800
2026-04,Buerostuhl Basic,Vertrieb Online,80,83.0,120.0,121.21,70.0,3000
2026-09,Tastatur Wireless,Vertrieb Online,240,253.0,45.0,47.42,18.0,1200
2026-05,Tastatur Wireless,Vertrieb Sued,240,218.0,45.0,39.86,18.0,1200
2026-04,Buerostuhl Premium,Vertrieb Ost,30,,350.0,353.0,180.0,6000
2025-02,Buerostuhl Ergonomic,Vertrieb Sued,18,17.0,550.0,554.11,290.0,7000
2025-02,Dockingstation USB-C,Vertrieb West,76,72.0,140.0,127.51,65.0,2200
2025-05,Buerostuhl Premium,Vertrieb Sued,30,28.0,350.0,359.58,180.0,6000
2026-10,Buerostuhl Basic,Vertrieb Online,80,77.0,120.0,123.53,70.0,3000
2025-06,Buerostuhl Basic,Vertrieb Online,80,82.0,120.0,123.66,70.0,3000
2026-04,Monitor 27 Zoll,Vertrieb Ost,60,65.0,280.0,286.99,160.0,4000
2025-03,Tastatur Wireless,Vertrieb Ost,240,254.0,45.0,47.34,18.0,1200
2025-07,Headset Business,Vertrieb Sued,120,125.0,75.0,65.81,32.0,1600
2026-10,Tastatur Mechanisch,Vertrieb Sued,100,100.0,95.0,90.35,42.0,1800
2026-08,Webcam HD,Vertrieb Nord,140,150.0,55.0,59.58,22.0,1100
2026-08,Maus Wireless,Vertrieb West,280,290.0,28.0,30.03,10.0,900
2026-09,Buerostuhl Basic,Vertrieb West,80,86.0,120.0,127.18,70.0,3000
2025-10,Buerostuhl Ergonomic,Vertrieb Nord,18,17.0,550.0,562.46,290.0,7000
2026-01,Schreibtisch Fix,Vertrieb Sued,40,41.0,220.0,234.06,110.0,3500
2025-09,Maus Wireless,Vertrieb Sued,280,274.0,28.0,-27.1,10.0,900
2025-07,Maus Wireless,Vertrieb West,280,277.0,28.0,26.96,10.0,900
2025-12,Schreibtisch Fix,Vertrieb Ost,40,38.0,220.0,215.38,110.0,3500
2026-07,Headset Business,Vertrieb Ost,120,127.0,75.0,67.28,32.0,1600
2025-04,Schreibtisch Elektrisch,Vertrieb Nord,18,18.0,650.0,718.98,380.0,8000
2025-12,Dockingstation USB-C,Vertrieb Online,76,64.0,140.0,151.93,65.0,2200
2025-05,Tastatur Wireless,Vertrieb Ost,240,261.0,45.0,47.62,18.0,1200
2026-05,Schreibtischlampe LED,Vertrieb West,180,196.0,38.0,40.44,14.0,800
2026-05,Maus Wireless,Vertrieb West,280,223.0,28.0,28.49,10.0,900
2026-06,Buerostuhl Basic,Vertrieb West,80,83.0,120.0,122.37,70.0,3000
2025-06,Buerostuhl Premium,Vertrieb Ost,30,33.0,350.0,345.75,180.0,6000
2025-05,Buerostuhl Basic,Vertrieb Online,80,84.0,120.0,123.75,70.0,3000
2026-03,Buerostuhl Ergonomic,Vertrieb Online,18,16.0,550.0,566.35,290.0,7000
2025-03,Schreibtisch Elektrisch,Vertrieb Sued,18,21.0,650.0,670.69,380.0,8000
2026-09,Monitor 32 Zoll Curved,Vertrieb Nord,24,26.0,480.0,493.11,270.0,5000
2025-08,Buerostuhl Basic,Vertrieb Ost,80,,120.0,125.42,70.0,3000
2026-11,Headset Business,Vertrieb Nord,120,120.0,75.0,79.48,32.0,1600
2026-12,Dockingstation USB-C,Vertrieb West,76,75.0,140.0,137.76,65.0,2200
2025-02,Schreibtisch Elektrisch,Vertrieb Sued,18,15.0,650.0,668.24,380.0,8000
2026-04,Dockingstation USB-C,Vertrieb West,76,90.0,140.0,134.04,65.0,2200
2025-01,Buerostuhl Basic,Vertrieb Online,80,84.0,120.0,118.09,70.0,3000
2025-03,Monitor 24 Zoll,Vertrieb Sued,70,59.0,180.0,163.65,100.0,2500
2026-12,Maus Wireless,Vertrieb Online,280,289.0,28.0,28.02,10.0,900
2026-09,Schreibtisch Elektrisch,Vertrieb Nord,18,16.0,650.0,594.09,380.0,8000
2025-11,Buerostuhl Premium,Vertrieb West,30,34.0,350.0,364.84,180.0,6000
2025-04,Monitor 27 Zoll,Vertrieb Ost,60,51.0,280.0,262.57,160.0,4000
2025-12,Buerostuhl Premium,Vertrieb West,30,30.0,350.0,349.81,180.0,6000
2026-10,Headset Business,Vertrieb Ost,120,108.0,75.0,75.57,32.0,1600
2025-12,Monitor 24 Zoll,Vertrieb Nord,70,67.0,180.0,184.48,100.0,2500
2025-01,Monitor 32 Zoll Curved,Vertrieb West,24,23.0,480.0,482.75,270.0,5000
2026-02,Tastatur Mechanisch,Vertrieb West,100,106.0,95.0,94.78,42.0,1800
2025-11,Tastatur Wireless,Vertrieb Sued,240,232.0,45.0,43.84,18.0,1200
2025-08,Dockingstation USB-C,Vertrieb West,76,77.0,140.0,146.93,65.0,2200
2025-06,Schreibtisch Fix,Vertrieb West,40,924.0,220.0,201.62,110.0,3500
2025-07,Dockingstation USB-C,Vertrieb Online,76,68.0,140.0,133.47,65.0,2200
2026-08,Monitor 24 Zoll,Vertrieb Online,70,74.0,180.0,198.75,100.0,2500
2025-12,Dockingstation USB-C,Vertrieb Nord,76,68.0,140.0,145.14,65.0,2200
2026-10,Buerostuhl Ergonomic,Vertrieb Sued,18,15.0,550.0,546.41,290.0,7000
2026-11,Monitor 24 Zoll,Vertrieb Nord,70,72.0,180.0,179.78,100.0,2500
2026-02,Tastatur Wireless,Vertrieb Ost,240,218.0,45.0,49.69,18.0,1200
2026-04,Monitor 24 Zoll,Vertrieb Online,70,69.0,180.0,208.94,100.0,2500
2025-10,Maus Wireless,Vertrieb West,280,279.0,28.0,27.13,10.0,900
2025-12,Schreibtischlampe LED,Vertrieb Online,180,189.0,38.0,40.84,14.0,800
2026-12,Maus Wireless,Vertrieb Nord,280,263.0,28.0,26.91,10.0,900
2026-03,Schreibtischlampe LED,Vertrieb West,180,189.0,38.0,37.16,14.0,800
2025-03,Schreibtischlampe LED,Vertrieb Online,180,168.0,38.0,34.63,14.0,800
2026-05,Headset Business,Vertrieb Ost,120,117.0,75.0,72.6,32.0,1600
2025-01,Schreibtisch Fix,Vertrieb Online,40,41.0,220.0,218.22,110.0,3500
2025-09,Tastatur Wireless,Vertrieb Ost,240,231.0,45.0,41.5,18.0,1200
2025-05,Schreibtischlampe LED,Vertrieb Ost,180,178.0,38.0,35.26,14.0,800
2026-06,Webcam HD,Vertrieb West,140,153.0,55.0,55.38,22.0,1100
2026-08,Monitor 27 Zoll,Vertrieb Ost,60,57.0,280.0,287.72,160.0,4000
2025-02,Schreibtisch Elektrisch,Vertrieb Nord,18,21.0,650.0,654.06,380.0,8000
2025-03,Monitor 24 Zoll,Vertrieb Online,70,67.0,180.0,173.43,100.0,2500
2026-07,Buerostuhl Premium,Vertrieb Sued,30,32.0,350.0,343.66,180.0,6000
2026-07,Webcam HD,Vertrieb Sued,140,157.0,55.0,55.16,22.0,1100
2025-08,Buerostuhl Basic,Vertrieb Online,80,76.0,120.0,123.66,70.0,3000
2026-07,Buerostuhl Ergonomic,Vertrieb Online,18,15.0,550.0,565.45,290.0,7000
2026-12,Buerostuhl Ergonomic,Vertrieb Sued,18,19.0,550.0,553.91,290.0,7000
2026-07,Tastatur Mechanisch,Vertrieb Ost,100,96.0,95.0,96.85,42.0,1800
2025-01,Headset Business,Vertrieb Online,120,134.0,75.0,76.35,32.0,1600
2025-07,Headset Business,Vertrieb West,120,138.0,75.0,72.67,32.0,1600
2025-04,Monitor 32 Zoll Curved,Vertrieb West,24,24.0,480.0,502.1,270.0,5000
2026-06,Monitor 32 Zoll Curved,Vertrieb Online,24,22.0,480.0,494.45,270.0,5000
2026-01,Schreibtisch Fix,Vertrieb Ost,40,39.0,220.0,212.57,110.0,3500
2026-11,Buerostuhl Basic,Vertrieb Sued,80,88.0,120.0,119.18,70.0,3000
2025-08,Monitor 24 Zoll,Vertrieb Sued,70,70.0,180.0,202.77,100.0,2500
2025-10,Maus Wireless,Vertrieb Ost,280,254.0,28.0,25.57,10.0,900
2026-07,Schreibtisch Elektrisch,Vertrieb Sued,18,19.0,650.0,588.92,380.0,8000
2025-08,Headset Business,Vertrieb Online,120,94.0,75.0,73.75,32.0,1600
2026-11,Monitor 24 Zoll,Vertrieb Online,70,70.0,180.0,171.24,100.0,2500
2025-05,Buerostuhl Ergonomic,Vertrieb Sued,18,19.0,550.0,579.26,290.0,7000
2026-03,Tastatur Wireless,Vertrieb Ost,240,218.0,45.0,48.5,18.0,1200
2025-02,Schreibtischlampe LED,Vertrieb Sued,180,150.0,38.0,37.66,14.0,800
2026-04,Schreibtisch Fix,Vertrieb Ost,40,,220.0,215.24,110.0,3500
2025-04,Schreibtischlampe LED,Vertrieb Ost,180,181.0,38.0,39.09,14.0,800
2025-09,Headset Business,Vertrieb Nord,120,125.0,75.0,75.41,32.0,1600
2026-03,Tastatur Mechanisch,Vertrieb Sued,100,113.0,95.0,104.93,42.0,1800
2025-08,Buerostuhl Premium,Vertrieb Ost,30,30.0,350.0,352.65,180.0,6000
2026-04,Maus Wireless,Vertrieb Online,280,266.0,28.0,26.54,10.0,900
2026-11,Webcam HD,Vertrieb Ost,140,143.0,55.0,53.69,22.0,1100
2026-04,Maus Wireless,Vertrieb Nord,280,285.0,28.0,27.97,10.0,900
2026-03,Schreibtisch Elektrisch,Vertrieb West,18,18.0,650.0,658.98,380.0,8000
2025-07,Maus Wireless,Vertrieb Nord,280,274.0,28.0,29.75,10.0,900
2025-12,Headset Business,Vertrieb Online,120,120.0,75.0,79.56,32.0,1600
2026-05,Monitor 24 Zoll,Vertrieb Nord,70,77.0,180.0,188.48,100.0,2500
2026-06,Webcam HD,Vertrieb Ost,140,,55.0,54.55,22.0,1100
2026-12,Schreibtisch Elektrisch,Vertrieb West,18,16.0,650.0,664.75,380.0,8000
2026-07,Maus Wireless,Vertrieb West,280,274.0,28.0,28.44,10.0,900
2026-11,Headset Business,Vertrieb Ost,120,125.0,75.0,71.33,32.0,1600
2026-04,Maus Wireless,Vertrieb West,280,268.0,28.0,26.29,10.0,900
2025-05,Schreibtischlampe LED,Vertrieb Online,180,172.0,38.0,39.85,14.0,800
2026-05,Schreibtisch Elektrisch,Vertrieb Ost,18,15.0,650.0,743.38,380.0,8000
2025-08,Tastatur Mechanisch,Vertrieb West,100,102.0,95.0,95.73,42.0,1800
2025-10,Monitor 27 Zoll,Vertrieb Sued,60,55.0,280.0,284.68,160.0,4000
2026-08,Webcam HD,Vertrieb Online,140,145.0,55.0,56.04,22.0,1100
2026-07,Tastatur Wireless,Vertrieb Ost,240,251.0,45.0,43.75,18.0,1200
2026-02,Dockingstation USB-C,Vertrieb Sued,76,90.0,140.0,143.93,65.0,2200
2026-01,Dockingstation USB-C,Vertrieb Ost,76,75.0,140.0,136.2,65.0,2200
2026-09,Buerostuhl Premium,Vertrieb West,30,25.0,350.0,334.67,180.0,6000
2025-12,Schreibtisch Fix,Vertrieb Online,40,34.0,220.0,224.07,110.0,3500
2025-02,Headset Business,Vertrieb Nord,120,123.0,75.0,75.48,32.0,1600
2026-11,Buerostuhl Premium,Vertrieb Ost,30,25.0,350.0,327.81,180.0,6000
2026-04,Tastatur Wireless,Vertrieb West,240,205.0,45.0,44.81,18.0,1200
2026-04,Tastatur Wireless,Vertrieb Sued,240,224.0,45.0,48.62,18.0,1200
2025-02,Buerostuhl Premium,Vertrieb Sued,30,30.0,350.0,346.05,180.0,6000
2025-03,Buerostuhl Basic,Vertrieb Nord,80,80.0,120.0,120.63,70.0,3000
2026-04,Schreibtisch Fix,Vertrieb West,40,41.0,220.0,221.34,110.0,3500
2026-01,Buerostuhl Premium,Vertrieb Sued,30,28.0,350.0,329.99,180.0,6000
2026-12,Schreibtisch Fix,Vertrieb Sued,40,31.0,220.0,235.54,110.0,3500
2026-05,Buerostuhl Premium,Vertrieb Ost,30,26.0,350.0,313.88,180.0,6000
2025-04,Dockingstation USB-C,Vertrieb Nord,76,85.0,140.0,136.88,65.0,2200
2025-08,Dockingstation USB-C,Vertrieb Nord,76,76.0,140.0,135.49,65.0,2200
2025-04,Monitor 32 Zoll Curved,Vertrieb Sued,24,26.0,480.0,480.42,270.0,5000
2026-03,Buerostuhl Ergonomic,Vertrieb Ost,18,16.0,550.0,581.18,290.0,7000
2025-10,Headset Business,Vertrieb Sued,120,127.0,75.0,79.03,32.0,1600
2026-12,Tastatur Wireless,Vertrieb Ost,240,259.0,45.0,44.34,18.0,1200
2025-01,Schreibtischlampe LED,Vertrieb Ost,180,169.0,38.0,36.4,14.0,800
2026-06,Schreibtisch Elektrisch,Vertrieb Ost,18,15.0,650.0,650.16,380.0,8000
2025-06,Dockingstation USB-C,Vertrieb Online,76,77.0,140.0,149.97,65.0,2200
2025-03,Schreibtischlampe LED,Vertrieb Nord,180,136.0,38.0,37.31,14.0,800
2026-12,Monitor 32 Zoll Curved,Vertrieb Ost,24,22.0,480.0,515.42,270.0,5000
2026-06,Buerostuhl Ergonomic,Vertrieb Nord,18,19.0,550.0,537.02,290.0,7000
2025-01,Schreibtisch Fix,Vertrieb Ost,40,45.0,220.0,207.17,110.0,3500
2026-09,Buerostuhl Ergonomic,Vertrieb Sued,18,18.0,550.0,551.07,290.0,7000
2025-06,Monitor 27 Zoll,Vertrieb Ost,60,61.0,280.0,287.64,160.0,4000
2025-01,Maus Wireless,Vertrieb Nord,280,298.0,28.0,28.92,10.0,900
2025-04,Webcam HD,Vertrieb Sued,140,161.0,55.0,56.31,22.0,1100
2025-12,Schreibtischlampe LED,Vertrieb West,180,172.0,38.0,38.92,14.0,800
2025-10,Buerostuhl Premium,Vertrieb Ost,30,31.0,350.0,308.28,180.0,6000
2025-12,Dockingstation USB-C,Vertrieb West,76,55.0,140.0,147.51,65.0,2200
2026-09,Buerostuhl Premium,Vertrieb Sued,30,27.0,350.0,351.26,180.0,6000
2026-10,Schreibtischlampe LED,Vertrieb West,180,161.0,38.0,38.11,14.0,800
2025-08,Schreibtisch Elektrisch,Vertrieb Sued,18,17.0,650.0,687.2,380.0,8000
2026-04,Headset Business,Vertrieb Online,120,132.0,75.0,66.14,32.0,1600
2025-06,Buerostuhl Premium,Vertrieb Nord,30,26.0,350.0,330.34,180.0,6000
2025-07,Schreibtischlampe LED,Vertrieb Sued,180,194.0,38.0,34.93,14.0,800
2025-07,Schreibtischlampe LED,Vertrieb Nord,180,188.0,38.0,37.9,14.0,800
2026-04,Schreibtisch Elektrisch,Vertrieb Ost,18,19.0,650.0,607.66,380.0,8000
2026-02,Buerostuhl Premium,Vertrieb Sued,30,27.0,350.0,328.23,180.0,6000
2025-06,Monitor 32 Zoll Curved,Vertrieb Nord,24,25.0,480.0,478.45,270.0,5000
2026-06,Webcam HD,Vertrieb Sued,140,150.0,55.0,54.68,22.0,1100
2026-03,Monitor 32 Zoll Curved,Vertrieb Sued,24,25.0,480.0,473.07,270.0,5000
2026-01,Headset Business,Vertrieb West,120,108.0,75.0,80.11,32.0,1600
2025-10,Monitor 32 Zoll Curved,Vertrieb Ost,24,23.0,480.0,528.17,270.0,5000
2025-07,Maus Wireless,Vertrieb Online,280,268.0,28.0,27.71,10.0,900
2026-02,Headset Business,Vertrieb Sued,120,116.0,75.0,75.83,32.0,1600
2025-12,Tastatur Mechanisch,Vertrieb Online,100,96.0,95.0,93.91,42.0,1800
2025-06,Monitor 24 Zoll,Vertrieb West,70,74.0,180.0,190.85,100.0,2500
2026-06,Schreibtisch Elektrisch,Vertrieb Sued,18,17.0,650.0,628.9,380.0,8000
2026-11,Buerostuhl Basic,Vertrieb Ost,80,68.0,120.0,113.67,70.0,3000
2026-04,Tastatur Mechanisch,Vertrieb Ost,100,90.0,95.0,91.37,42.0,1800
2026-01,Dockingstation USB-C,Vertrieb Online,76,79.0,140.0,144.22,65.0,2200
2026-03,Headset Business,Vertrieb Sued,120,,75.0,73.88,32.0,1600
2026-06,Tastatur Wireless,Vertrieb West,240,232.0,45.0,45.21,18.0,1200
2025-05,Monitor 32 Zoll Curved,Vertrieb Sued,24,22.0,480.0,473.09,270.0,5000
2025-04,Webcam HD,Vertrieb Ost,140,144.0,55.0,56.68,22.0,1100
2026-03,Buerostuhl Basic,Vertrieb Ost,80,89.0,120.0,109.85,70.0,3000
2026-12,Monitor 32 Zoll Curved,Vertrieb West,24,25.0,480.0,475.38,270.0,5000
2025-09,Schreibtischlampe LED,Vertrieb Nord,180,159.0,38.0,40.9,14.0,800
2026-11,Tastatur Wireless,Vertrieb Sued,240,205.0,45.0,47.11,18.0,1200
2026-11,Monitor 32 Zoll Curved,Vertrieb West,24,21.0,480.0,482.67,270.0,5000
2026-12,Tastatur Mechanisch,Vertrieb West,100,100.0,95.0,88.31,42.0,1800
2025-02,Webcam HD,Vertrieb Ost,140,111.0,55.0,51.3,22.0,1100
2026-10,Maus Wireless,Vertrieb West,280,285.0,28.0,29.6,10.0,900
2025-03,Buerostuhl Premium,Vertrieb West,30,26.0,350.0,354.77,180.0,6000
2025-12,Monitor 32 Zoll Curved,Vertrieb Nord,24,26.0,480.0,483.5,270.0,5000
2026-12,Dockingstation USB-C,Vertrieb Ost,76,70.0,140.0,137.18,65.0,2200
2025-07,Buerostuhl Ergonomic,Vertrieb West,18,17.0,550.0,615.77,290.0,7000
2026-12,Schreibtisch Elektrisch,Vertrieb Ost,18,18.0,650.0,619.24,380.0,8000
2025-02,Monitor 32 Zoll Curved,Vertrieb Ost,24,23.0,480.0,481.09,270.0,5000
2026-04,Tastatur Wireless,Vertrieb Nord,240,239.0,45.0,49.58,18.0,1200
2026-10,Schreibtisch Elektrisch,Vertrieb Ost,18,20.0,650.0,638.9,380.0,8000
2025-09,Schreibtisch Elektrisch,Vertrieb Ost,18,16.0,650.0,694.45,380.0,8000
2025-12,Headset Business,Vertrieb Sued,120,118.0,75.0,73.64,32.0,1600
2026-09,Maus Wireless,Vertrieb Online,280,301.0,28.0,28.3,10.0,900
2025-06,Webcam HD,Vertrieb Ost,140,117.0,55.0,58.04,22.0,1100
2026-03,Dockingstation USB-C,Vertrieb Ost,76,73.0,140.0,147.32,65.0,2200
2025-09,Dockingstation USB-C,Vertrieb Ost,76,65.0,140.0,138.34,65.0,2200
2026-11,Monitor 24 Zoll,Vertrieb Sued,70,56.0,180.0,180.8,100.0,2500
2025-12,Tastatur Wireless,Vertrieb Nord,240,235.0,45.0,44.55,18.0,1200
2026-11,Schreibtisch Elektrisch,Vertrieb Online,18,19.0,650.0,620.7,380.0,8000
2026-05,Schreibtischlampe LED,Vertrieb Sued,180,154.0,38.0,34.23,14.0,800
2026-02,Headset Business,Vertrieb Ost,120,113.0,75.0,75.71,32.0,1600
2025-09,Buerostuhl Premium,Vertrieb West,30,30.0,350.0,362.63,180.0,6000
2026-03,Schreibtisch Fix,Vertrieb Ost,40,41.0,220.0,213.92,110.0,3500
2025-08,Tastatur Wireless,Vertrieb Sued,240,242.0,45.0,46.73,18.0,1200
2025-05,Monitor 32 Zoll Curved,Vertrieb Ost,24,25.0,480.0,479.39,270.0,5000
2026-07,Schreibtisch Fix,Vertrieb Online,40,40.0,220.0,196.63,110.0,3500
2025-11,Dockingstation USB-C,Vertrieb West,76,2160.0,140.0,150.63,65.0,2200
2025-04,Schreibtisch Fix,Vertrieb West,40,39.0,220.0,217.74,110.0,3500
2026-01,Monitor 27 Zoll,Vertrieb Online,60,64.0,280.0,281.31,160.0,4000
2025-09,Monitor 24 Zoll,Vertrieb Ost,70,69.0,180.0,185.14,100.0,2500
2026-10,Schreibtisch Fix,Vertrieb Nord,40,41.0,220.0,231.65,110.0,3500
2025-12,Buerostuhl Premium,Vertrieb Ost,30,32.0,350.0,356.15,180.0,6000
2026-03,Monitor 24 Zoll,Vertrieb Sued,70,66.0,180.0,194.74,100.0,2500
2025-10,Webcam HD,Vertrieb West,140,167.0,55.0,49.82,22.0,1100
2025-11,Tastatur Mechanisch,Vertrieb West,100,106.0,95.0,104.16,42.0,1800
2026-10,Buerostuhl Basic,Vertrieb Ost,80,82.0,120.0,118.86,70.0,3000
2026-03,Buerostuhl Ergonomic,Vertrieb Nord,18,19.0,550.0,586.43,290.0,7000
2025-11,Monitor 27 Zoll,Vertrieb Nord,60,54.0,280.0,269.43,160.0,4000
2026-08,Headset Business,Vertrieb Sued,120,135.0,75.0,69.07,32.0,1600
2025-07,Buerostuhl Premium,Vertrieb Online,30,27.0,350.0,322.96,180.0,6000
2026-07,Buerostuhl Premium,Vertrieb Online,30,29.0,350.0,358.41,180.0,6000
2025-08,Schreibtisch Fix,Vertrieb Sued,40,40.0,220.0,217.25,110.0,3500
2025-12,Schreibtisch Fix,Vertrieb Nord,40,41.0,220.0,222.52,110.0,3500
2025-10,Dockingstation USB-C,Vertrieb Nord,76,83.0,140.0,127.27,65.0,2200
2026-04,Webcam HD,Vertrieb Sued,140,108.0,55.0,52.83,22.0,1100
2025-08,Schreibtisch Fix,Vertrieb West,40,44.0,220.0,236.05,110.0,3500
2026-04,Webcam HD,Vertrieb Ost,140,151.0,55.0,57.12,22.0,1100
2025-03,Webcam HD,Vertrieb West,140,145.0,55.0,53.0,22.0,1100
2026-08,Headset Business,Vertrieb Ost,120,144.0,75.0,78.06,32.0,1600
2026-12,Buerostuhl Basic,Vertrieb West,80,77.0,120.0,117.25,70.0,3000
2025-07,Tastatur Wireless,Vertrieb Nord,240,272.0,45.0,46.89,18.0,1200
2026-11,Tastatur Mechanisch,Vertrieb Nord,100,80.0,95.0,88.55,42.0,1800
2026-10,Monitor 32 Zoll Curved,Vertrieb Ost,24,21.0,480.0,446.64,270.0,5000
2025-10,Webcam HD,Vertrieb Nord,140,146.0,55.0,57.16,22.0,1100
2026-05,Headset Business,Vertrieb Nord,120,117.0,75.0,80.47,32.0,1600
2025-01,Tastatur Wireless,Vertrieb West,240,237.0,45.0,46.63,18.0,1200
2025-05,Headset Business,Vertrieb Ost,120,130.0,75.0,78.29,32.0,1600
2025-07,Monitor 24 Zoll,Vertrieb Sued,70,65.0,180.0,182.67,100.0,2500
2025-04,Monitor 24 Zoll,Vertrieb West,70,65.0,180.0,193.51,100.0,2500
2025-11,Buerostuhl Premium,Vertrieb Sued,30,32.0,350.0,351.78,180.0,6000
2026-06,Monitor 24 Zoll,Vertrieb West,70,74.0,180.0,196.22,100.0,2500
2026-05,Monitor 32 Zoll Curved,Vertrieb Online,24,28.0,480.0,456.9,270.0,5000
2025-01,Schreibtisch Elektrisch,Vertrieb West,18,17.0,650.0,662.52,380.0,8000
2025-06,Maus Wireless,Vertrieb Online,280,280.0,28.0,28.12,10.0,900
2026-05,Headset Business,Vertrieb Sued,120,124.0,75.0,70.52,32.0,1600
2026-02,Monitor 27 Zoll,Vertrieb Sued,60,55.0,280.0,316.07,160.0,4000
2025-03,Schreibtisch Fix,Vertrieb Online,40,35.0,220.0,217.79,110.0,3500
2026-02,Buerostuhl Basic,Vertrieb Online,80,87.0,120.0,120.5,70.0,3000
2026-03,Dockingstation USB-C,Vertrieb West,76,79.0,140.0,139.4,65.0,2200
2026-06,Tastatur Wireless,Vertrieb Ost,240,212.0,45.0,43.29,18.0,1200
2025-10,Dockingstation USB-C,Vertrieb Ost,76,76.0,140.0,127.84,65.0,2200
2025-12,Schreibtisch Elektrisch,Vertrieb Online,18,14.0,650.0,699.72,380.0,8000
2025-06,Schreibtisch Fix,Vertrieb Ost,40,39.0,220.0,205.19,110.0,3500
2025-07,Monitor 32 Zoll Curved,Vertrieb Nord,24,28.0,480.0,475.38,270.0,5000
2025-02,Webcam HD,Vertrieb Nord,140,174.0,55.0,58.76,22.0,1100
2026-11,Webcam HD,Vertrieb West,140,143.0,55.0,57.43,22.0,1100
2025-08,Schreibtischlampe LED,Vertrieb West,180,142.0,38.0,41.4,14.0,800
2025-11,Tastatur Wireless,Vertrieb Online,240,292.0,45.0,47.79,18.0,1200
2026-03,Maus Wireless,Vertrieb Online,280,286.0,28.0,25.62,10.0,900
2026-06,Monitor 27 Zoll,Vertrieb Nord,60,63.0,280.0,272.64,160.0,4000
2025-10,Headset Business,Vertrieb Nord,120,143.0,75.0,75.23,32.0,1600
2026-11,Buerostuhl Basic,Vertrieb Nord,80,65.0,120.0,130.66,70.0,3000
2026-03,Tastatur Wireless,Vertrieb Nord,240,260.0,45.0,47.25,18.0,1200
2025-09,Buerostuhl Ergonomic,Vertrieb West,18,17.0,550.0,505.6,290.0,7000
2026-04,Schreibtischlampe LED,Vertrieb Ost,180,148.0,38.0,37.05,14.0,800
2025-09,Buerostuhl Basic,Vertrieb Sued,80,88.0,120.0,112.85,70.0,3000
2026-11,Schreibtischlampe LED,Vertrieb Sued,180,188.0,38.0,32.8,14.0,800
2025-07,Tastatur Mechanisch,Vertrieb Nord,100,87.0,95.0,99.31,42.0,1800
2026-04,Dockingstation USB-C,Vertrieb Sued,76,82.0,140.0,143.11,65.0,2200
2025-10,Schreibtisch Elektrisch,Vertrieb West,18,15.0,650.0,647.08,380.0,8000
2025-01,Buerostuhl Basic,Vertrieb West,80,76.0,120.0,111.64,70.0,3000
2026-12,Headset Business,Vertrieb West,120,121.0,75.0,76.21,32.0,1600
2026-08,Tastatur Mechanisch,Vertrieb Ost,100,103.0,95.0,96.96,42.0,1800
2026-11,Monitor 32 Zoll Curved,Vertrieb Ost,24,20.0,480.0,504.41,270.0,5000
2026-10,Schreibtisch Elektrisch,Vertrieb West,18,15.0,650.0,604.68,380.0,8000
2026-09,Monitor 27 Zoll,Vertrieb Nord,60,54.0,280.0,263.06,160.0,4000
2025-07,Monitor 24 Zoll,Vertrieb Nord,70,80.0,180.0,179.72,100.0,2500
2026-09,Schreibtisch Elektrisch,Vertrieb Online,18,20.0,650.0,652.39,380.0,8000
2026-05,Buerostuhl Basic,Vertrieb Sued,80,84.0,120.0,120.4,70.0,3000
2026-12,Buerostuhl Premium,Vertrieb Online,30,32.0,350.0,367.1,180.0,6000
2025-01,Monitor 24 Zoll,Vertrieb West,70,66.0,180.0,171.0,100.0,2500
2025-04,Webcam HD,Vertrieb Nord,140,130.0,55.0,52.06,22.0,1100
2026-04,Webcam HD,Vertrieb Online,140,96.0,55.0,53.45,22.0,1100
2025-02,Monitor 27 Zoll,Vertrieb Ost,60,68.0,280.0,252.53,160.0,4000
2026-08,Buerostuhl Basic,Vertrieb Online,80,69.0,120.0,117.35,70.0,3000
2025-08,Monitor 32 Zoll Curved,Vertrieb Sued,24,24.0,480.0,466.5,270.0,5000
2026-06,Webcam HD,Vertrieb Online,140,162.0,55.0,54.22,22.0,1100
2025-06,Monitor 24 Zoll,Vertrieb Ost,70,62.0,180.0,172.42,100.0,2500
2026-09,Headset Business,Vertrieb Online,120,106.0,75.0,71.58,32.0,1600
2025-05,Webcam HD,Vertrieb West,140,121.0,55.0,52.72,22.0,1100
2026-08,Monitor 24 Zoll,Vertrieb Ost,70,76.0,180.0,164.51,100.0,2500
2025-11,Schreibtisch Fix,Vertrieb Ost,40,41.0,220.0,204.02,110.0,3500
2026-08,Schreibtisch Fix,Vertrieb Ost,40,37.0,220.0,231.49,110.0,3500
2026-08,Dockingstation USB-C,Vertrieb Ost,76,83.0,140.0,140.98,65.0,2200
2025-07,Webcam HD,Vertrieb West,140,127.0,55.0,56.8,22.0,1100
2026-05,Buerostuhl Ergonomic,Vertrieb Sued,18,16.0,550.0,533.72,290.0,7000
2025-12,Monitor 24 Zoll,Vertrieb West,70,69.0,180.0,175.49,100.0,2500
2026-03,Schreibtisch Fix,Vertrieb West,40,41.0,220.0,241.66,110.0,3500
2026-06,Schreibtisch Elektrisch,Vertrieb West,18,20.0,650.0,647.34,380.0,8000
2025-05,Monitor 24 Zoll,Vertrieb Sued,70,67.0,180.0,185.49,100.0,2500
2026-06,Buerostuhl Ergonomic,Vertrieb Online,18,14.0,550.0,569.37,290.0,7000
2025-06,Buerostuhl Basic,Vertrieb Ost,80,85.0,120.0,108.72,70.0,3000
2025-11,Tastatur Mechanisch,Vertrieb Ost,100,103.0,95.0,96.15,42.0,1800
2025-10,Buerostuhl Ergonomic,Vertrieb Online,18,16.0,550.0,606.01,290.0,7000
2026-09,Buerostuhl Basic,Vertrieb Sued,80,69.0,120.0,119.31,70.0,3000
2025-03,Buerostuhl Basic,Vertrieb West,80,67.0,120.0,120.32,70.0,3000
2026-09,Buerostuhl Ergonomic,Vertrieb Nord,18,16.0,550.0,547.54,290.0,7000
2026-03,Schreibtisch Elektrisch,Vertrieb Nord,18,21.0,650.0,629.14,380.0,8000
2025-07,Maus Wireless,Vertrieb Sued,280,200.0,28.0,26.25,10.0,900
2026-04,Monitor 27 Zoll,Vertrieb Sued,60,59.0,280.0,291.16,160.0,4000
2026-08,Buerostuhl Basic,Vertrieb Nord,80,90.0,120.0,114.58,70.0,3000
2025-07,Schreibtischlampe LED,Vertrieb Online,180,178.0,38.0,36.03,14.0,800
2025-04,Maus Wireless,Vertrieb Online,280,300.0,28.0,25.46,10.0,900
2026-10,Tastatur Wireless,Vertrieb Sued,240,245.0,45.0,43.55,18.0,1200
2026-11,Schreibtisch Elektrisch,Vertrieb West,18,16.0,650.0,662.74,380.0,8000
2026-05,Schreibtisch Elektrisch,Vertrieb Online,18,20.0,650.0,679.7,380.0,8000
2025-05,Buerostuhl Ergonomic,Vertrieb Ost,18,19.0,550.0,569.02,290.0,7000
2026-08,Tastatur Wireless,Vertrieb Online,240,227.0,45.0,45.49,18.0,1200
2026-06,Headset Business,Vertrieb Nord,120,132.0,75.0,74.86,32.0,1600
2026-04,Dockingstation USB-C,Vertrieb Ost,76,73.0,140.0,140.14,65.0,2200
2026-08,Schreibtisch Elektrisch,Vertrieb Online,18,19.0,650.0,617.4,380.0,8000
2025-02,Tastatur Mechanisch,Vertrieb Sued,100,110.0,95.0,87.89,42.0,1800
2026-06,Dockingstation USB-C,Vertrieb Online,76,71.0,140.0,144.67,65.0,2200
2025-02,Schreibtisch Elektrisch,Vertrieb Ost,18,17.0,650.0,639.66,380.0,8000
2026-05,Tastatur Wireless,Vertrieb West,240,240.0,45.0,44.69,18.0,1200
2026-05,Buerostuhl Ergonomic,Vertrieb Online,18,17.0,550.0,569.61,290.0,7000
2025-02,Buerostuhl Basic,Vertrieb Online,80,67.0,120.0,120.98,70.0,3000
2026-02,Tastatur Mechanisch,Vertrieb Online,100,107.0,95.0,100.44,42.0,1800
2025-08,Schreibtischlampe LED,Vertrieb Ost,180,188.0,38.0,37.79,14.0,800
2025-04,Tastatur Mechanisch,Vertrieb Sued,100,94.0,95.0,91.37,42.0,1800
2026-10,Dockingstation USB-C,Vertrieb Online,76,84.0,140.0,143.15,65.0,2200
2025-01,Schreibtischlampe LED,Vertrieb Sued,180,173.0,38.0,38.88,14.0,800
2026-12,Webcam HD,Vertrieb Online,140,131.0,55.0,57.25,22.0,1100
2025-04,Dockingstation USB-C,Vertrieb West,76,96.0,140.0,142.65,65.0,2200
2025-05,Schreibtischlampe LED,Vertrieb Sued,180,170.0,38.0,39.89,14.0,800
2025-06,Tastatur Mechanisch,Vertrieb Ost,100,92.0,95.0,100.45,42.0,1800
2025-10,Tastatur Wireless,Vertrieb West,240,184.0,45.0,47.58,18.0,1200
2026-10,Schreibtisch Fix,Vertrieb West,40,37.0,220.0,232.77,110.0,3500
2026-09,Schreibtisch Elektrisch,Vertrieb West,18,18.0,650.0,648.39,380.0,8000
2025-03,Headset Business,Vertrieb Sued,120,121.0,75.0,77.61,32.0,1600
2026-08,Schreibtisch Fix,Vertrieb West,40,43.0,220.0,214.69,110.0,3500
2025-09,Tastatur Wireless,Vertrieb Nord,240,258.0,45.0,43.35,18.0,1200
2025-09,Schreibtisch Fix,Vertrieb West,40,37.0,220.0,246.74,110.0,3500
2026-02,Buerostuhl Basic,Vertrieb Ost,80,68.0,120.0,124.08,70.0,3000
2025-12,Dockingstation USB-C,Vertrieb Ost,76,84.0,140.0,132.59,65.0,2200
2025-11,Monitor 24 Zoll,Vertrieb West,70,73.0,180.0,198.42,100.0,2500
2025-05,Monitor 27 Zoll,Vertrieb West,60,58.0,280.0,278.98,160.0,4000
2025-03,Monitor 24 Zoll,Vertrieb Ost,70,78.0,180.0,179.28,100.0,2500
2025-04,Tastatur Wireless,Vertrieb Sued,240,236.0,45.0,41.39,18.0,1200
2026-08,Webcam HD,Vertrieb Ost,140,128.0,55.0,53.13,22.0,1100
2025-07,Monitor 32 Zoll Curved,Vertrieb Sued,24,19.0,480.0,479.56,270.0,5000
2025-05,Buerostuhl Basic,Vertrieb Nord,80,94.0,120.0,116.21,70.0,3000
2025-11,Buerostuhl Premium,Vertrieb Ost,30,30.0,350.0,354.73,180.0,6000
2026-12,Webcam HD,Vertrieb West,140,126.0,55.0,54.55,22.0,1100
2025-03,Schreibtisch Fix,Vertrieb Ost,40,41.0,220.0,234.7,110.0,3500
2025-01,Buerostuhl Basic,Vertrieb Nord,80,91.0,120.0,121.79,70.0,3000
2025-02,Tastatur Mechanisch,Vertrieb Nord,100,89.0,95.0,97.01,42.0,1800
2025-06,Buerostuhl Basic,Vertrieb West,80,92.0,120.0,115.14,70.0,3000
2025-01,Monitor 32 Zoll Curved,Vertrieb Nord,24,24.0,480.0,496.61,270.0,5000
2026-04,Headset Business,Vertrieb Nord,120,110.0,75.0,73.04,32.0,1600
2025-02,Tastatur Wireless,Vertrieb Nord,240,247.0,45.0,46.03,18.0,1200
2026-10,Dockingstation USB-C,Vertrieb Ost,76,57.0,140.0,134.76,65.0,2200
2026-05,Schreibtisch Fix,Vertrieb Sued,40,39.0,220.0,214.45,110.0,3500
2025-08,Dockingstation USB-C,Vertrieb Sued,76,70.0,140.0,142.03,65.0,2200
2026-09,Schreibtischlampe LED,Vertrieb Online,180,179.0,38.0,36.28,14.0,800
2025-04,Buerostuhl Premium,Vertrieb Nord,30,30.0,350.0,344.84,180.0,6000
2025-04,Maus Wireless,Vertrieb Nord,280,322.0,28.0,31.48,10.0,900
2025-10,Webcam HD,Vertrieb Online,140,142.0,55.0,56.4,22.0,1100
2025-01,Headset Business,Vertrieb Sued,120,115.0,75.0,76.61,32.0,1600
2026-02,Monitor 24 Zoll,Vertrieb West,70,57.0,180.0,192.69,100.0,2500
2025-09,Schreibtischlampe LED,Vertrieb West,180,181.0,38.0,37.21,14.0,800
2026-04,Tastatur Mechanisch,Vertrieb West,100,94.0,95.0,92.35,42.0,1800
2025-01,Buerostuhl Ergonomic,Vertrieb Online,18,17.0,550.0,510.84,290.0,7000
2025-01,Monitor 27 Zoll,Vertrieb Sued,60,63.0,280.0,272.44,160.0,4000
2026-04,Monitor 32 Zoll Curved,Vertrieb West,24,25.0,480.0,492.64,270.0,5000
2025-01,Buerostuhl Ergonomic,Vertrieb Nord,18,18.0,550.0,503.27,290.0,7000
2026-05,Schreibtischlampe LED,Vertrieb Nord,180,,38.0,39.71,14.0,800
2025-07,Monitor 27 Zoll,Vertrieb Nord,60,63.0,280.0,266.06,160.0,4000
2026-02,Schreibtisch Elektrisch,Vertrieb Sued,18,17.0,650.0,623.73,380.0,8000
2025-09,Monitor 27 Zoll,Vertrieb West,60,47.0,280.0,293.24,160.0,4000
2026-09,Monitor 32 Zoll Curved,Vertrieb Ost,24,22.0,480.0,491.53,270.0,5000
2025-07,Monitor 32 Zoll Curved,Vertrieb Ost,24,24.0,480.0,463.82,270.0,5000
2025-01,Schreibtischlampe LED,Vertrieb Ost,180,169.0,38.0,36.4,14.0,800
2026-12,Tastatur Wireless,Vertrieb Sued,240,229.0,45.0,44.78,18.0,1200
2025-06,Maus Wireless,Vertrieb Nord,280,277.0,28.0,24.91,10.0,900
2026-10,Monitor 32 Zoll Curved,Vertrieb Nord,24,24.0,480.0,464.03,270.0,5000
2025-06,Headset Business,Vertrieb Online,120,120.0,75.0,76.42,32.0,1600
2025-05,Headset Business,Vertrieb Nord,120,121.0,75.0,76.56,32.0,1600
2025-02,Monitor 27 Zoll,Vertrieb Online,60,52.0,280.0,308.63,160.0,4000
2026-11,Tastatur Wireless,Vertrieb Nord,240,235.0,45.0,45.8,18.0,1200
2026-12,Buerostuhl Premium,Vertrieb West,30,29.0,350.0,338.72,180.0,6000
2025-11,Maus Wireless,Vertrieb Online,280,277.0,28.0,28.22,10.0,900
2025-08,Buerostuhl Premium,Vertrieb Online,30,31.0,350.0,335.26,180.0,6000
2026-09,Headset Business,Vertrieb Nord,120,111.0,75.0,71.84,32.0,1600
2025-06,Webcam HD,Vertrieb Sued,140,154.0,55.0,53.36,22.0,1100
2025-05,Monitor 24 Zoll,Vertrieb Online,70,70.0,180.0,181.1,100.0,2500
2025-11,Dockingstation USB-C,Vertrieb Ost,76,66.0,140.0,149.32,65.0,2200
2026-06,Headset Business,Vertrieb Online,120,100.0,75.0,78.69,32.0,1600
2025-11,Schreibtischlampe LED,Vertrieb West,180,193.0,38.0,34.08,14.0,800
2025-08,Tastatur Mechanisch,Vertrieb Ost,100,88.0,95.0,92.15,42.0,1800
2025-11,Buerostuhl Premium,Vertrieb Nord,30,27.0,350.0,366.42,180.0,6000
2025-12,Buerostuhl Ergonomic,Vertrieb Ost,18,14.0,550.0,559.44,290.0,7000
2025-12,Monitor 27 Zoll,Vertrieb West,60,53.0,280.0,288.96,160.0,4000
2026-09,Buerostuhl Ergonomic,Vertrieb Ost,18,17.0,550.0,496.38,290.0,7000
2025-10,Schreibtisch Elektrisch,Vertrieb Ost,18,18.0,650.0,697.82,380.0,8000
2026-10,Webcam HD,Vertrieb Ost,140,137.0,55.0,52.95,22.0,1100
2025-11,Maus Wireless,Vertrieb West,280,216.0,28.0,29.66,10.0,900
2026-02,Maus Wireless,Vertrieb Sued,280,284.0,28.0,26.74,10.0,900
2026-03,Monitor 27 Zoll,Vertrieb Sued,60,59.0,280.0,258.27,160.0,4000
2026-01,Headset Business,Vertrieb Nord,120,105.0,75.0,72.62,32.0,1600
2025-12,Buerostuhl Premium,Vertrieb Nord,30,29.0,350.0,320.81,180.0,6000
2026-09,Buerostuhl Basic,Vertrieb Ost,80,76.0,120.0,123.81,70.0,3000
2025-03,Headset Business,Vertrieb Sued,120,121.0,75.0,77.61,32.0,1600
2025-03,Schreibtisch Elektrisch,Vertrieb Online,18,19.0,650.0,625.51,380.0,8000
2026-09,Tastatur Mechanisch,Vertrieb Online,100,100.0,95.0,97.24,42.0,1800
2026-05,Schreibtisch Fix,Vertrieb Nord,40,35.0,220.0,235.87,110.0,3500
2026-06,Buerostuhl Premium,Vertrieb West,30,30.0,350.0,351.77,180.0,6000
2025-04,Monitor 32 Zoll Curved,Vertrieb Online,24,23.0,480.0,432.66,270.0,5000
2025-09,Buerostuhl Ergonomic,Vertrieb Sued,18,17.0,550.0,552.0,290.0,7000
2026-01,Schreibtisch Fix,Vertrieb Nord,40,43.0,220.0,221.19,110.0,3500
2026-04,Tastatur Mechanisch,Vertrieb Nord,100,100.0,95.0,101.04,42.0,1800
2026-04,Monitor 27 Zoll,Vertrieb Online,60,55.0,280.0,291.79,160.0,4000
2025-08,Monitor 24 Zoll,Vertrieb West,70,71.0,180.0,196.22,100.0,2500
2025-02,Monitor 27 Zoll,Vertrieb West,60,63.0,280.0,297.72,160.0,4000
2026-01,Tastatur Mechanisch,Vertrieb Nord,100,108.0,95.0,92.05,42.0,1800
2025-06,Monitor 24 Zoll,Vertrieb Nord,70,59.0,180.0,192.43,100.0,2500
2026-07,Buerostuhl Basic,Vertrieb Sued,80,92.0,120.0,118.91,70.0,3000
2025-04,Buerostuhl Premium,Vertrieb Ost,30,30.0,350.0,369.66,180.0,6000
2026-01,Monitor 32 Zoll Curved,Vertrieb Nord,24,23.0,480.0,457.71,270.0,5000
2025-05,Maus Wireless,Vertrieb Sued,280,277.0,28.0,27.79,10.0,900
2025-04,Monitor 32 Zoll Curved,Vertrieb Ost,24,17.0,480.0,-491.92,270.0,5000
2026-01,Maus Wireless,Vertrieb Online,280,217.0,28.0,28.15,10.0,900
2026-08,Webcam HD,Vertrieb West,140,150.0,55.0,54.9,22.0,1100
2025-03,Schreibtischlampe LED,Vertrieb Sued,180,179.0,38.0,34.52,14.0,800
2026-06,Monitor 27 Zoll,Vertrieb Online,60,61.0,280.0,290.74,160.0,4000
2026-06,Headset Business,Vertrieb Sued,120,113.0,75.0,78.96,32.0,1600
2025-04,Dockingstation USB-C,Vertrieb Ost,76,70.0,140.0,141.8,65.0,2200
2026-08,Webcam HD,Vertrieb Sued,140,122.0,55.0,52.76,22.0,1100
2026-03,Buerostuhl Basic,Vertrieb West,80,93.0,120.0,124.37,70.0,3000
2026-10,Monitor 32 Zoll Curved,Vertrieb Sued,24,22.0,480.0,520.88,270.0,5000
2026-10,Headset Business,Vertrieb Online,120,127.0,75.0,71.35,32.0,1600
2025-02,Schreibtisch Fix,Vertrieb Sued,40,44.0,220.0,229.15,110.0,3500
2025-12,Maus Wireless,Vertrieb Online,280,311.0,28.0,29.74,10.0,900
2026-07,Buerostuhl Basic,Vertrieb Online,80,74.0,120.0,120.03,70.0,3000
2026-08,Buerostuhl Ergonomic,Vertrieb West,18,17.0,550.0,513.71,290.0,7000
2026-02,Webcam HD,Vertrieb Sued,140,142.0,55.0,56.47,22.0,1100
2025-02,Tastatur Mechanisch,Vertrieb Ost,100,103.0,95.0,90.29,42.0,1800
2026-02,Schreibtisch Fix,Vertrieb Ost,40,21.0,220.0,225.81,110.0,3500
2025-04,Buerostuhl Basic,Vertrieb West,80,74.0,120.0,126.92,70.0,3000
2025-02,Tastatur Wireless,Vertrieb Ost,240,271.0,45.0,46.89,18.0,1200
2025-09,Schreibtisch Elektrisch,Vertrieb Online,18,20.0,650.0,653.43,380.0,8000
2026-12,Buerostuhl Premium,Vertrieb Sued,30,29.0,350.0,337.77,180.0,6000
2025-03,Monitor 27 Zoll,Vertrieb Online,60,61.0,280.0,266.01,160.0,4000
2026-08,Buerostuhl Ergonomic,Vertrieb Nord,18,15.0,550.0,597.33,290.0,7000
2025-09,Headset Business,Vertrieb Sued,120,137.0,75.0,80.07,32.0,1600
2026-09,Schreibtisch Fix,Vertrieb Sued,40,38.0,220.0,219.0,110.0,3500
2025-03,Monitor 32 Zoll Curved,Vertrieb Ost,24,23.0,480.0,523.14,270.0,5000
2025-05,Monitor 27 Zoll,Vertrieb Ost,60,61.0,280.0,270.62,160.0,4000
2025-12,Schreibtisch Elektrisch,Vertrieb West,18,19.0,650.0,651.09,380.0,8000
2026-08,Schreibtischlampe LED,Vertrieb Ost,180,192.0,38.0,38.49,14.0,800
2025-06,Tastatur Mechanisch,Vertrieb Online,100,98.0,95.0,95.3,42.0,1800
2026-02,Buerostuhl Ergonomic,Vertrieb Sued,18,19.0,550.0,567.65,290.0,7000
2026-12,Monitor 24 Zoll,Vertrieb Ost,70,58.0,180.0,177.58,100.0,2500
2025-11,Monitor 24 Zoll,Vertrieb Nord,70,56.0,180.0,168.6,100.0,2500
2025-04,Buerostuhl Basic,Vertrieb Online,80,66.0,120.0,117.88,70.0,3000
2025-04,Monitor 27 Zoll,Vertrieb Nord,60,65.0,280.0,283.61,160.0,4000
2025-07,Buerostuhl Premium,Vertrieb Nord,30,32.0,350.0,354.35,180.0,6000
2025-01,Buerostuhl Ergonomic,Vertrieb Ost,18,13.0,550.0,596.07,290.0,7000
2025-07,Buerostuhl Basic,Vertrieb Online,80,88.0,120.0,129.52,70.0,3000
2026-01,Webcam HD,Vertrieb Ost,140,121.0,55.0,59.5,22.0,1100
2026-10,Schreibtisch Elektrisch,Vertrieb Online,18,21.0,650.0,667.51,380.0,8000
2025-12,Monitor 24 Zoll,Vertrieb Online,70,80.0,180.0,181.65,100.0,2500
2026-12,Headset Business,Vertrieb Ost,120,116.0,75.0,78.27,32.0,1600
2026-01,Webcam HD,Vertrieb Sued,140,130.0,55.0,53.08,22.0,1100
2026-07,Maus Wireless,Vertrieb Nord,280,293.0,28.0,24.68,10.0,900
2026-09,Monitor 24 Zoll,Vertrieb Sued,70,65.0,180.0,175.44,100.0,2500
2025-10,Schreibtisch Elektrisch,Vertrieb Online,18,22.0,650.0,629.46,380.0,8000
2025-02,Headset Business,Vertrieb Online,120,109.0,75.0,73.37,32.0,1600
2025-11,Monitor 27 Zoll,Vertrieb Online,60,63.0,280.0,275.54,160.0,4000
2025-11,Buerostuhl Ergonomic,Vertrieb Nord,18,15.0,550.0,530.74,290.0,7000
2025-10,Monitor 32 Zoll Curved,Vertrieb West,24,21.0,480.0,459.35,270.0,5000
2026-11,Tastatur Mechanisch,Vertrieb Ost,100,109.0,95.0,92.74,42.0,1800
2026-01,Monitor 24 Zoll,Vertrieb West,70,60.0,180.0,186.69,100.0,2500
2026-09,Schreibtischlampe LED,Vertrieb West,180,187.0,38.0,38.07,14.0,800
2026-03,Schreibtischlampe LED,Vertrieb Online,180,186.0,38.0,39.81,14.0,800
2025-07,Webcam HD,Vertrieb Nord,140,145.0,55.0,58.48,22.0,1100
2025-12,Buerostuhl Premium,Vertrieb Online,30,30.0,350.0,351.95,180.0,6000
2025-05,Maus Wireless,Vertrieb Ost,280,293.0,28.0,28.18,10.0,900
2026-08,Buerostuhl Basic,Vertrieb Ost,80,83.0,120.0,118.47,70.0,3000
2025-06,Monitor 27 Zoll,Vertrieb Sued,60,63.0,280.0,265.25,160.0,4000
2025-03,Buerostuhl Premium,Vertrieb Nord,30,30.0,350.0,359.4,180.0,6000
2025-10,Maus Wireless,Vertrieb Sued,280,292.0,28.0,29.48,10.0,900
2026-10,Buerostuhl Premium,Vertrieb Online,30,33.0,350.0,381.83,180.0,6000
2025-07,Tastatur Wireless,Vertrieb Online,240,235.0,45.0,46.77,18.0,1200
2026-05,Webcam HD,Vertrieb Online,140,142.0,55.0,50.78,22.0,1100
2025-06,Headset Business,Vertrieb West,120,122.0,75.0,78.91,32.0,1600
2026-10,Buerostuhl Ergonomic,Vertrieb Ost,18,18.0,550.0,535.21,290.0,7000
2025-12,Monitor 32 Zoll Curved,Vertrieb Ost,24,26.0,480.0,461.51,270.0,5000
2025-04,Buerostuhl Ergonomic,Vertrieb Sued,18,,550.0,567.35,290.0,7000
2025-03,Tastatur Mechanisch,Vertrieb Ost,100,104.0,95.0,94.56,42.0,1800
2025-01,Schreibtisch Fix,Vertrieb Nord,40,43.0,220.0,238.4,110.0,3500
2025-05,Tastatur Wireless,Vertrieb Sued,240,253.0,45.0,44.94,18.0,1200
2025-04,Tastatur Mechanisch,Vertrieb Ost,100,95.0,95.0,95.96,42.0,1800
2025-04,Schreibtisch Elektrisch,Vertrieb Ost,18,14.0,650.0,609.2,380.0,8000
2025-03,Monitor 32 Zoll Curved,Vertrieb Nord,24,25.0,480.0,496.96,270.0,5000
2025-11,Buerostuhl Basic,Vertrieb Online,80,69.0,120.0,116.06,70.0,3000
2025-11,Schreibtisch Elektrisch,Vertrieb Online,18,18.0,650.0,632.18,380.0,8000
2025-10,Headset Business,Vertrieb Online,120,104.0,75.0,75.1,32.0,1600
2026-10,Maus Wireless,Vertrieb Ost,280,265.0,28.0,28.55,10.0,900
2025-11,Schreibtisch Elektrisch,Vertrieb Nord,18,18.0,650.0,648.89,380.0,8000
2025-11,Schreibtisch Fix,Vertrieb Nord,40,34.0,220.0,240.04,110.0,3500
2025-03,Maus Wireless,Vertrieb West,280,280.0,28.0,31.78,10.0,900
2025-11,Tastatur Mechanisch,Vertrieb Sued,100,86.0,95.0,100.8,42.0,1800
2026-01,Maus Wireless,Vertrieb Sued,280,261.0,28.0,27.69,10.0,900
2026-08,Tastatur Wireless,Vertrieb West,240,234.0,45.0,43.52,18.0,1200
2026-10,Webcam HD,Vertrieb Sued,140,135.0,55.0,56.75,22.0,1100
2026-03,Schreibtischlampe LED,Vertrieb Nord,180,179.0,38.0,37.26,14.0,800
2025-09,Buerostuhl Premium,Vertrieb Sued,30,26.0,350.0,341.84,180.0,6000
2025-07,Dockingstation USB-C,Vertrieb Ost,76,74.0,140.0,150.01,65.0,2200
2025-03,Schreibtischlampe LED,Vertrieb Ost,180,156.0,38.0,35.22,14.0,800
2026-04,Buerostuhl Ergonomic,Vertrieb Online,18,18.0,550.0,549.85,290.0,7000
2025-07,Schreibtisch Elektrisch,Vertrieb Sued,18,17.0,650.0,647.3,380.0,8000
2026-11,Maus Wireless,Vertrieb West,280,302.0,28.0,27.98,10.0,900
2026-06,Dockingstation USB-C,Vertrieb West,76,76.0,140.0,135.85,65.0,2200
2025-11,Monitor 32 Zoll Curved,Vertrieb West,24,23.0,480.0,490.53,270.0,5000
2026-05,Monitor 27 Zoll,Vertrieb Sued,60,65.0,280.0,293.62,160.0,4000
2025-06,Buerostuhl Premium,Vertrieb Sued,30,,350.0,316.45,180.0,6000
2025-01,Monitor 27 Zoll,Vertrieb Ost,60,62.0,280.0,282.83,160.0,4000
2025-11,Buerostuhl Ergonomic,Vertrieb West,18,20.0,550.0,563.85,290.0,7000
2026-01,Schreibtisch Fix,Vertrieb Online,40,33.0,220.0,207.22,110.0,3500
2025-08,Webcam HD,Vertrieb Sued,140,139.0,55.0,56.73,22.0,1100
2025-07,Schreibtisch Elektrisch,Vertrieb West,18,19.0,650.0,609.0,380.0,8000
2026-07,Schreibtischlampe LED,Vertrieb Sued,180,173.0,38.0,35.45,14.0,800
2026-12,Maus Wireless,Vertrieb West,280,284.0,28.0,30.42,10.0,900
2026-07,Headset Business,Vertrieb Nord,120,112.0,75.0,79.93,32.0,1600
2026-07,Schreibtischlampe LED,Vertrieb Nord,180,172.0,38.0,34.87,14.0,800
2026-08,Tastatur Mechanisch,Vertrieb West,100,104.0,95.0,90.67,42.0,1800
2025-06,Schreibtisch Fix,Vertrieb Online,40,40.0,220.0,220.12,110.0,3500
2025-07,Tastatur Mechanisch,Vertrieb Online,100,97.0,95.0,87.58,42.0,1800
2026-02,Webcam HD,Vertrieb Ost,140,121.0,55.0,55.86,22.0,1100
2026-02,Schreibtischlampe LED,Vertrieb Ost,180,175.0,38.0,42.31,14.0,800
2026-03,Webcam HD,Vertrieb Sued,140,151.0,55.0,58.05,22.0,1100
2026-10,Monitor 27 Zoll,Vertrieb Sued,60,63.0,280.0,286.64,160.0,4000
2025-12,Maus Wireless,Vertrieb West,280,265.0,28.0,29.44,10.0,900
2025-02,Buerostuhl Ergonomic,Vertrieb West,18,16.0,550.0,536.3,290.0,7000
2026-05,Maus Wireless,Vertrieb Nord,280,293.0,28.0,27.56,10.0,900
2025-03,Schreibtisch Elektrisch,Vertrieb West,18,17.0,650.0,642.18,380.0,8000
2026-03,Buerostuhl Premium,Vertrieb Sued,30,29.0,350.0,334.26,180.0,6000
2025-04,Schreibtisch Elektrisch,Vertrieb Sued,18,19.0,650.0,655.07,380.0,8000
2025-10,Buerostuhl Premium,Vertrieb Nord,30,26.0,350.0,340.1,180.0,6000
2026-06,Schreibtischlampe LED,Vertrieb Online,180,194.0,38.0,37.68,14.0,800
2025-08,Schreibtischlampe LED,Vertrieb Nord,180,181.0,38.0,39.14,14.0,800
2026-04,Buerostuhl Premium,Vertrieb West,30,32.0,350.0,359.46,180.0,6000
2026-09,Buerostuhl Basic,Vertrieb Nord,80,74.0,120.0,107.64,70.0,3000
2026-04,Tastatur Wireless,Vertrieb Online,240,271.0,45.0,44.91,18.0,1200
2026-10,Tastatur Wireless,Vertrieb Nord,240,223.0,45.0,44.65,18.0,1200
2025-02,Buerostuhl Ergonomic,Vertrieb Nord,18,21.0,550.0,607.43,290.0,7000
2025-12,Webcam HD,Vertrieb Sued,140,144.0,55.0,56.9,22.0,1100
2026-11,Schreibtisch Fix,Vertrieb Online,40,39.0,220.0,219.17,110.0,3500
2025-06,Buerostuhl Ergonomic,Vertrieb Nord,18,18.0,550.0,571.15,290.0,7000
2026-08,Dockingstation USB-C,Vertrieb Sued,76,,140.0,139.56,65.0,2200
2026-11,Buerostuhl Basic,Vertrieb Online,80,72.0,120.0,117.92,70.0,3000
2026-02,Tastatur Mechanisch,Vertrieb Nord,100,102.0,95.0,93.73,42.0,1800
2026-02,Buerostuhl Basic,Vertrieb Nord,80,93.0,120.0,123.68,70.0,3000
2025-10,Tastatur Wireless,Vertrieb Sued,240,216.0,45.0,45.13,18.0,1200
2026-05,Buerostuhl Premium,Vertrieb Nord,30,32.0,350.0,347.54,180.0,6000
2025-11,Buerostuhl Ergonomic,Vertrieb Ost,18,19.0,550.0,563.39,290.0,7000
2025-10,Schreibtischlampe LED,Vertrieb Sued,180,170.0,38.0,35.93,14.0,800
2025-09,Tastatur Mechanisch,Vertrieb Online,100,94.0,95.0,95.34,42.0,1800
2026-05,Monitor 27 Zoll,Vertrieb Online,60,62.0,280.0,293.6,160.0,4000
2025-11,Schreibtisch Fix,Vertrieb Online,40,38.0,220.0,210.13,110.0,3500
2026-05,Webcam HD,Vertrieb Ost,140,151.0,55.0,54.22,22.0,1100
2026-07,Buerostuhl Basic,Vertrieb Ost,80,75.0,120.0,122.19,70.0,3000
2026-02,Monitor 32 Zoll Curved,Vertrieb Sued,24,23.0,480.0,465.72,270.0,5000
2025-03,Buerostuhl Premium,Vertrieb Ost,30,24.0,350.0,350.72,180.0,6000
2026-07,Tastatur Wireless,Vertrieb West,240,250.0,45.0,46.29,18.0,1200
2026-08,Maus Wireless,Vertrieb Online,280,220.0,28.0,28.53,10.0,900
2025-09,Tastatur Mechanisch,Vertrieb West,100,105.0,95.0,94.08,42.0,1800
2025-07,Monitor 27 Zoll,Vertrieb Ost,60,60.0,280.0,280.12,160.0,4000
2026-08,Tastatur Wireless,Vertrieb Sued,240,250.0,45.0,42.01,18.0,1200
2026-12,Buerostuhl Basic,Vertrieb Nord,80,2376.0,120.0,114.36,70.0,3000
2026-10,Tastatur Mechanisch,Vertrieb West,100,96.0,95.0,100.78,42.0,1800
2025-05,Dockingstation USB-C,Vertrieb Sued,76,82.0,140.0,131.28,65.0,2200
2026-02,Maus Wireless,Vertrieb Ost,280,303.0,28.0,30.21,10.0,900
2025-12,Buerostuhl Premium,Vertrieb Sued,30,35.0,350.0,342.63,180.0,6000
2026-04,Webcam HD,Vertrieb Nord,140,166.0,55.0,57.23,22.0,1100
2026-08,Monitor 27 Zoll,Vertrieb Online,60,51.0,280.0,281.44,160.0,4000
2025-02,Schreibtisch Fix,Vertrieb West,40,33.0,220.0,231.23,110.0,3500
2026-05,Headset Business,Vertrieb West,120,145.0,75.0,74.44,32.0,1600
2025-10,Buerostuhl Premium,Vertrieb Sued,30,30.0,350.0,370.82,180.0,6000
2026-04,Monitor 32 Zoll Curved,Vertrieb Nord,24,21.0,480.0,461.65,270.0,5000
2026-03,Headset Business,Vertrieb West,120,119.0,75.0,-74.06,32.0,1600
2026-08,Tastatur Mechanisch,Vertrieb Sued,100,88.0,95.0,90.01,42.0,1800
2025-09,Monitor 24 Zoll,Vertrieb Sued,70,61.0,180.0,170.61,100.0,2500
2026-01,Tastatur Wireless,Vertrieb Sued,240,194.0,45.0,49.31,18.0,1200
2026-01,Webcam HD,Vertrieb West,140,131.0,55.0,52.92,22.0,1100
2025-04,Schreibtischlampe LED,Vertrieb Sued,180,183.0,38.0,38.22,14.0,800
2025-06,Headset Business,Vertrieb Nord,120,132.0,75.0,74.32,32.0,1600
2026-01,Maus Wireless,Vertrieb Ost,280,276.0,28.0,26.88,10.0,900
2026-10,Buerostuhl Basic,Vertrieb Sued,80,80.0,120.0,125.13,70.0,3000
2026-03,Webcam HD,Vertrieb Nord,140,149.0,55.0,59.74,22.0,1100
2025-06,Schreibtisch Elektrisch,Vertrieb Online,18,19.0,650.0,693.68,380.0,8000
2025-09,Schreibtischlampe LED,Vertrieb Online,180,168.0,38.0,38.23,14.0,800
2026-09,Maus Wireless,Vertrieb Nord,280,295.0,28.0,28.54,10.0,900
2025-02,Dockingstation USB-C,Vertrieb Ost,76,75.0,140.0,138.36,65.0,2200
2025-05,Buerostuhl Ergonomic,Vertrieb Nord,18,20.0,550.0,608.09,290.0,7000
2025-12,Dockingstation USB-C,Vertrieb Sued,76,92.0,140.0,157.94,65.0,2200
2026-11,Headset Business,Vertrieb Online,120,105.0,75.0,70.84,32.0,1600
2026-05,Tastatur Mechanisch,Vertrieb Ost,100,85.0,95.0,98.27,42.0,1800
2026-05,Tastatur Mechanisch,Vertrieb West,100,106.0,95.0,99.74,42.0,1800
2026-04,Monitor 24 Zoll,Vertrieb West,70,61.0,180.0,184.13,100.0,2500
2025-10,Monitor 24 Zoll,Vertrieb Nord,70,81.0,180.0,173.11,100.0,2500
2025-04,Schreibtischlampe LED,Vertrieb West,180,173.0,38.0,39.39,14.0,800
2026-10,Monitor 27 Zoll,Vertrieb Ost,60,70.0,280.0,283.91,160.0,4000
2026-04,Buerostuhl Ergonomic,Vertrieb Nord,18,18.0,550.0,558.32,290.0,7000
2025-08,Schreibtisch Elektrisch,Vertrieb Online,18,15.0,650.0,634.02,380.0,8000
2026-03,Tastatur Wireless,Vertrieb Sued,240,226.0,45.0,46.86,18.0,1200
2026-09,Tastatur Wireless,Vertrieb West,240,220.0,45.0,44.78,18.0,1200
2026-07,Schreibtisch Fix,Vertrieb West,40,38.0,220.0,213.5,110.0,3500
2026-12,Monitor 24 Zoll,Vertrieb Online,70,70.0,180.0,196.6,100.0,2500
2026-06,Buerostuhl Basic,Vertrieb Nord,80,81.0,120.0,118.34,70.0,3000
2026-04,Monitor 24 Zoll,Vertrieb Ost,70,76.0,180.0,173.27,100.0,2500
2025-02,Headset Business,Vertrieb Sued,120,98.0,75.0,79.35,32.0,1600
2026-02,Monitor 27 Zoll,Vertrieb Nord,60,58.0,280.0,295.42,160.0,4000
2026-04,Maus Wireless,Vertrieb Ost,280,273.0,28.0,26.48,10.0,900
2025-03,Monitor 32 Zoll Curved,Vertrieb West,24,22.0,480.0,478.77,270.0,5000
2026-06,Dockingstation USB-C,Vertrieb Ost,76,83.0,140.0,134.6,65.0,2200
2026-05,Monitor 32 Zoll Curved,Vertrieb Ost,24,24.0,480.0,457.93,270.0,5000
2026-07,Webcam HD,Vertrieb Online,140,173.0,55.0,54.31,22.0,1100
2025-03,Monitor 24 Zoll,Vertrieb Nord,70,61.0,180.0,172.85,100.0,2500
2026-08,Schreibtisch Elektrisch,Vertrieb Sued,18,18.0,650.0,658.45,380.0,8000
2025-01,Schreibtischlampe LED,Vertrieb West,180,186.0,38.0,39.42,14.0,800
2025-09,Dockingstation USB-C,Vertrieb Online,76,72.0,140.0,137.8,65.0,2200
2025-11,Buerostuhl Ergonomic,Vertrieb Online,18,17.0,550.0,574.43,290.0,7000
2025-10,Monitor 24 Zoll,Vertrieb West,70,79.0,180.0,166.17,100.0,2500
2026-08,Dockingstation USB-C,Vertrieb Online,76,65.0,140.0,135.52,65.0,2200
2026-01,Schreibtischlampe LED,Vertrieb West,180,186.0,38.0,36.6,14.0,800
2026-09,Monitor 27 Zoll,Vertrieb Sued,60,68.0,280.0,276.18,160.0,4000
2025-07,Dockingstation USB-C,Vertrieb Nord,76,59.0,140.0,136.09,65.0,2200
2025-11,Tastatur Mechanisch,Vertrieb Nord,100,117.0,95.0,94.49,42.0,1800
2025-09,Buerostuhl Basic,Vertrieb Nord,80,79.0,120.0,119.78,70.0,3000
2026-02,Headset Business,Vertrieb Online,120,98.0,75.0,74.43,32.0,1600
2026-11,Tastatur Wireless,Vertrieb Ost,240,231.0,45.0,42.96,18.0,1200
2026-10,Headset Business,Vertrieb Nord,120,110.0,75.0,68.26,32.0,1600
2025-07,Webcam HD,Vertrieb Ost,140,129.0,55.0,52.7,22.0,1100
2025-08,Schreibtisch Elektrisch,Vertrieb Nord,18,23.0,650.0,637.65,380.0,8000
2025-04,Headset Business,Vertrieb Nord,120,135.0,75.0,73.41,32.0,1600
2025-04,Maus Wireless,Vertrieb Ost,280,269.0,28.0,29.17,10.0,900
2025-06,Schreibtisch Fix,Vertrieb Sued,40,39.0,220.0,209.62,110.0,3500
2025-06,Dockingstation USB-C,Vertrieb Sued,76,81.0,140.0,140.14,65.0,2200
2026-11,Maus Wireless,Vertrieb Ost,280,254.0,28.0,30.42,10.0,900
2025-06,Dockingstation USB-C,Vertrieb Ost,76,81.0,140.0,133.12,65.0,2200
2025-11,Webcam HD,Vertrieb West,140,145.0,55.0,60.33,22.0,1100
2025-06,Webcam HD,Vertrieb West,140,169.0,55.0,56.2,22.0,1100
2025-07,Schreibtischlampe LED,Vertrieb West,180,185.0,38.0,41.46,14.0,800
2025-02,Buerostuhl Premium,Vertrieb West,30,29.0,350.0,334.99,180.0,6000
2025-01,Schreibtisch Fix,Vertrieb West,40,39.0,220.0,221.5,110.0,3500
2026-12,Tastatur Wireless,Vertrieb Nord,240,226.0,45.0,46.45,18.0,1200
2025-01,Dockingstation USB-C,Vertrieb West,76,79.0,140.0,139.45,65.0,2200
2025-03,Monitor 27 Zoll,Vertrieb Nord,60,63.0,280.0,282.04,160.0,4000
2025-01,Monitor 27 Zoll,Vertrieb West,60,64.0,280.0,273.78,160.0,4000
2025-12,Schreibtisch Elektrisch,Vertrieb Sued,18,21.0,650.0,626.78,380.0,8000
2025-04,Dockingstation USB-C,Vertrieb Online,76,77.0,140.0,139.56,65.0,2200
2025-12,Monitor 24 Zoll,Vertrieb Ost,70,70.0,180.0,176.88,100.0,2500
2026-11,Headset Business,Vertrieb Sued,120,127.0,75.0,74.0,32.0,1600
2026-01,Schreibtisch Elektrisch,Vertrieb Ost,18,19.0,650.0,684.99,380.0,8000
2026-08,Monitor 24 Zoll,Vertrieb West,70,70.0,180.0,192.9,100.0,2500
2026-02,Schreibtisch Fix,Vertrieb Online,40,36.0,220.0,208.82,110.0,3500
2026-03,Monitor 24 Zoll,Vertrieb Ost,70,76.0,180.0,197.45,100.0,2500
2026-01,Monitor 24 Zoll,Vertrieb Nord,70,70.0,180.0,189.78,100.0,2500
2026-01,Monitor 27 Zoll,Vertrieb Ost,60,57.0,280.0,269.49,160.0,4000
2026-04,Headset Business,Vertrieb West,120,128.0,75.0,72.11,32.0,1600
2026-01,Monitor 27 Zoll,Vertrieb Sued,60,63.0,280.0,282.48,160.0,4000
2026-10,Schreibtisch Elektrisch,Vertrieb Sued,18,19.0,650.0,618.43,380.0,8000
2025-12,Webcam HD,Vertrieb West,140,146.0,55.0,47.82,22.0,1100
2026-12,Webcam HD,Vertrieb Nord,140,150.0,55.0,54.59,22.0,1100
2026-07,Monitor 27 Zoll,Vertrieb Ost,60,66.0,280.0,270.37,160.0,4000
2025-09,Monitor 32 Zoll Curved,Vertrieb Ost,24,22.0,480.0,485.49,270.0,5000
2025-07,Buerostuhl Ergonomic,Vertrieb Ost,18,22.0,550.0,511.86,290.0,7000
2025-05,Monitor 24 Zoll,Vertrieb West,70,62.0,180.0,180.74,100.0,2500
2026-10,Tastatur Mechanisch,Vertrieb Nord,100,101.0,95.0,97.53,42.0,1800
2026-08,Monitor 24 Zoll,Vertrieb Nord,70,72.0,180.0,184.69,100.0,2500
2025-07,Buerostuhl Basic,Vertrieb West,80,81.0,120.0,126.24,70.0,3000
2026-10,Webcam HD,Vertrieb Nord,140,158.0,55.0,54.39,22.0,1100
2025-02,Tastatur Wireless,Vertrieb West,240,262.0,45.0,41.74,18.0,1200
2026-03,Webcam HD,Vertrieb Ost,140,144.0,55.0,57.24,22.0,1100
2025-03,Maus Wireless,Vertrieb Nord,280,234.0,28.0,27.11,10.0,900
2026-01,Schreibtischlampe LED,Vertrieb Ost,180,174.0,38.0,38.67,14.0,800
2025-07,Buerostuhl Ergonomic,Vertrieb Nord,18,18.0,550.0,547.81,290.0,7000
2025-04,Maus Wireless,Vertrieb Sued,280,263.0,28.0,29.06,10.0,900
2026-07,Monitor 32 Zoll Curved,Vertrieb Sued,24,23.0,480.0,488.83,270.0,5000
2026-08,Schreibtischlampe LED,Vertrieb Sued,180,163.0,38.0,39.78,14.0,800
2025-12,Tastatur Mechanisch,Vertrieb Nord,100,97.0,95.0,101.7,42.0,1800
2025-11,Buerostuhl Basic,Vertrieb Ost,80,90.0,120.0,127.9,70.0,3000
2025-08,Monitor 32 Zoll Curved,Vertrieb Nord,24,20.0,480.0,479.37,270.0,5000
2026-08,Buerostuhl Ergonomic,Vertrieb Sued,18,16.0,550.0,509.86,290.0,7000
2026-12,Monitor 24 Zoll,Vertrieb West,70,71.0,180.0,178.29,100.0,2500
2026-12,Schreibtischlampe LED,Vertrieb West,180,212.0,38.0,39.32,14.0,800
2026-11,Schreibtisch Elektrisch,Vertrieb Nord,18,16.0,650.0,626.36,380.0,8000
2026-03,Monitor 24 Zoll,Vertrieb Online,70,74.0,180.0,180.79,100.0,2500
2026-05,Maus Wireless,Vertrieb Ost,280,305.0,28.0,28.59,10.0,900
2026-10,Monitor 24 Zoll,Vertrieb Online,70,62.0,180.0,157.45,100.0,2500
2026-10,Schreibtischlampe LED,Vertrieb Ost,180,196.0,38.0,39.31,14.0,800
2026-08,Buerostuhl Ergonomic,Vertrieb Ost,18,20.0,550.0,568.36,290.0,7000
2025-06,Tastatur Wireless,Vertrieb Ost,240,254.0,45.0,44.96,18.0,1200
2025-03,Tastatur Mechanisch,Vertrieb Online,100,100.0,95.0,98.45,42.0,1800
2026-01,Monitor 32 Zoll Curved,Vertrieb West,24,25.0,480.0,486.6,270.0,5000
2025-12,Headset Business,Vertrieb Ost,120,105.0,75.0,71.51,32.0,1600
2026-11,Dockingstation USB-C,Vertrieb Online,76,83.0,140.0,148.73,65.0,2200
2026-06,Monitor 24 Zoll,Vertrieb Online,70,80.0,180.0,171.67,100.0,2500
2025-03,Buerostuhl Ergonomic,Vertrieb Ost,18,18.0,550.0,582.02,290.0,7000
2025-07,Monitor 32 Zoll Curved,Vertrieb Online,24,25.0,480.0,470.6,270.0,5000
2025-09,Tastatur Mechanisch,Vertrieb Sued,100,74.0,95.0,96.81,42.0,1800
2025-01,Maus Wireless,Vertrieb Sued,280,272.0,28.0,31.81,10.0,900
2026-02,Schreibtisch Elektrisch,Vertrieb Online,18,14.0,650.0,633.01,380.0,8000
2025-10,Dockingstation USB-C,Vertrieb Online,76,83.0,140.0,139.78,65.0,2200
2026-09,Monitor 27 Zoll,Vertrieb West,60,68.0,280.0,263.48,160.0,4000
2025-04,Buerostuhl Ergonomic,Vertrieb Online,18,18.0,550.0,541.46,290.0,7000
2026-11,Monitor 27 Zoll,Vertrieb Sued,60,64.0,280.0,289.56,160.0,4000
2025-03,Buerostuhl Ergonomic,Vertrieb Sued,18,16.0,550.0,508.81,290.0,7000
2025-07,Tastatur Mechanisch,Vertrieb Ost,100,100.0,95.0,90.54,42.0,1800
2025-06,Dockingstation USB-C,Vertrieb West,76,87.0,140.0,137.9,65.0,2200
2025-12,Monitor 27 Zoll,Vertrieb Nord,60,52.0,280.0,281.81,160.0,4000
2025-04,Monitor 27 Zoll,Vertrieb Online,60,55.0,280.0,283.89,160.0,4000
2025-07,Schreibtischlampe LED,Vertrieb Ost,180,165.0,38.0,39.29,14.0,800
2026-12,Buerostuhl Ergonomic,Vertrieb Ost,18,19.0,550.0,535.98,290.0,7000
2025-12,Buerostuhl Ergonomic,Vertrieb Ost,18,14.0,550.0,559.44,290.0,7000
2025-03,Webcam HD,Vertrieb Nord,140,145.0,55.0,55.66,22.0,1100
2025-09,Monitor 24 Zoll,Vertrieb Online,70,79.0,180.0,168.24,100.0,2500
2025-06,Buerostuhl Basic,Vertrieb Sued,80,85.0,120.0,120.17,70.0,3000
2026-05,Schreibtisch Fix,Vertrieb West,40,48.0,220.0,-215.83,110.0,3500
2026-07,Schreibtisch Elektrisch,Vertrieb Online,18,18.0,650.0,659.32,380.0,8000
2025-12,Tastatur Wireless,Vertrieb West,240,226.0,45.0,44.47,18.0,1200
2025-08,Monitor 32 Zoll Curved,Vertrieb West,24,21.0,480.0,480.62,270.0,5000
2025-09,Buerostuhl Premium,Vertrieb Nord,30,27.0,350.0,335.92,180.0,6000
2026-12,Buerostuhl Basic,Vertrieb Online,80,69.0,120.0,130.68,70.0,3000
2025-12,Buerostuhl Basic,Vertrieb Nord,80,79.0,120.0,113.94,70.0,3000
2025-06,Schreibtisch Elektrisch,Vertrieb West,18,17.0,650.0,613.13,380.0,8000
2026-06,Buerostuhl Premium,Vertrieb Online,30,34.0,350.0,342.35,180.0,6000
2026-01,Webcam HD,Vertrieb Nord,140,127.0,55.0,52.52,22.0,1100
2025-04,Tastatur Mechanisch,Vertrieb West,100,90.0,95.0,93.73,42.0,1800
2026-02,Dockingstation USB-C,Vertrieb Ost,76,87.0,140.0,134.15,65.0,2200
2025-08,Buerostuhl Basic,Vertrieb West,80,90.0,120.0,140.49,70.0,3000
2026-11,Tastatur Mechanisch,Vertrieb Sued,100,90.0,95.0,93.75,42.0,1800
2025-12,Monitor 27 Zoll,Vertrieb Ost,60,69.0,280.0,286.61,160.0,4000
2025-03,Buerostuhl Ergonomic,Vertrieb West,18,19.0,550.0,535.2,290.0,7000
2025-09,Monitor 27 Zoll,Vertrieb Sued,60,61.0,280.0,293.36,160.0,4000
2025-06,Tastatur Wireless,Vertrieb West,240,231.0,45.0,39.39,18.0,1200
2025-04,Buerostuhl Ergonomic,Vertrieb West,18,20.0,550.0,552.35,290.0,7000
2025-04,Buerostuhl Basic,Vertrieb Sued,80,92.0,120.0,125.3,70.0,3000
2026-10,Buerostuhl Basic,Vertrieb West,80,65.0,120.0,116.5,70.0,3000
2025-02,Monitor 32 Zoll Curved,Vertrieb Sued,24,24.0,480.0,486.3,270.0,5000
2025-07,Monitor 27 Zoll,Vertrieb Online,60,67.0,280.0,252.4,160.0,4000
2025-02,Schreibtisch Elektrisch,Vertrieb Online,18,18.0,650.0,693.05,380.0,8000
2026-09,Monitor 27 Zoll,Vertrieb Online,60,57.0,280.0,284.96,160.0,4000
2026-04,Tastatur Mechanisch,Vertrieb Online,100,106.0,95.0,91.36,42.0,1800
2026-03,Webcam HD,Vertrieb Online,140,128.0,55.0,52.2,22.0,1100
2026-07,Dockingstation USB-C,Vertrieb Online,76,81.0,140.0,138.16,65.0,2200
2025-03,Maus Wireless,Vertrieb Ost,280,299.0,28.0,29.98,10.0,900
2025-01,Dockingstation USB-C,Vertrieb Ost,76,69.0,140.0,148.27,65.0,2200
2025-02,Buerostuhl Basic,Vertrieb Sued,80,92.0,120.0,129.77,70.0,3000
2025-08,Buerostuhl Ergonomic,Vertrieb Online,18,17.0,550.0,535.18,290.0,7000
2025-08,Headset Business,Vertrieb Ost,120,115.0,75.0,76.77,32.0,1600
2026-07,Dockingstation USB-C,Vertrieb Nord,76,73.0,140.0,144.14,65.0,2200
2026-08,Dockingstation USB-C,Vertrieb Nord,76,76.0,140.0,145.4,65.0,2200
2026-06,Monitor 32 Zoll Curved,Vertrieb Nord,24,18.0,480.0,486.54,270.0,5000
2026-08,Maus Wireless,Vertrieb Sued,280,310.0,28.0,26.31,10.0,900
2026-02,Monitor 27 Zoll,Vertrieb West,60,60.0,280.0,273.85,160.0,4000
2025-05,Buerostuhl Basic,Vertrieb Sued,80,71.0,120.0,113.27,70.0,3000
2025-03,Dockingstation USB-C,Vertrieb West,76,82.0,140.0,142.58,65.0,2200
2026-06,Tastatur Mechanisch,Vertrieb West,100,96.0,95.0,95.43,42.0,1800
2025-09,Maus Wireless,Vertrieb Ost,280,258.0,28.0,28.78,10.0,900
2025-09,Dockingstation USB-C,Vertrieb West,76,83.0,140.0,136.87,65.0,2200
2025-10,Schreibtischlampe LED,Vertrieb Nord,180,174.0,38.0,37.32,14.0,800
2025-04,Buerostuhl Premium,Vertrieb West,30,27.0,350.0,346.14,180.0,6000
2026-05,Monitor 24 Zoll,Vertrieb Online,70,82.0,180.0,176.75,100.0,2500
2026-04,Schreibtisch Elektrisch,Vertrieb Nord,18,16.0,650.0,647.74,380.0,8000
2026-02,Maus Wireless,Vertrieb Online,280,276.0,28.0,27.82,10.0,900
2026-03,Maus Wireless,Vertrieb Sued,280,313.0,28.0,26.83,10.0,900
2025-07,Tastatur Wireless,Vertrieb Sued,240,270.0,45.0,45.93,18.0,1200
2026-02,Schreibtisch Elektrisch,Vertrieb Nord,18,20.0,650.0,632.93,380.0,8000
2026-06,Schreibtischlampe LED,Vertrieb Nord,180,129.0,38.0,35.04,14.0,800
2025-08,Buerostuhl Basic,Vertrieb Sued,80,81.0,120.0,124.36,70.0,3000
2026-07,Monitor 32 Zoll Curved,Vertrieb West,24,20.0,480.0,476.94,270.0,5000
2026-10,Maus Wireless,Vertrieb Online,280,285.0,28.0,25.42,10.0,900
2025-03,Maus Wireless,Vertrieb Sued,280,275.0,28.0,26.88,10.0,900
2026-12,Schreibtischlampe LED,Vertrieb Nord,180,173.0,38.0,36.58,14.0,800
2026-01,Buerostuhl Ergonomic,Vertrieb Ost,18,19.0,550.0,551.19,290.0,7000
2026-08,Monitor 24 Zoll,Vertrieb Sued,70,72.0,180.0,178.02,100.0,2500
2025-01,Tastatur Wireless,Vertrieb Sued,240,221.0,45.0,50.41,18.0,1200
2026-09,Dockingstation USB-C,Vertrieb Ost,76,94.0,140.0,154.02,65.0,2200
2025-10,Monitor 24 Zoll,Vertrieb Online,70,76.0,180.0,186.45,100.0,2500
2026-08,Dockingstation USB-C,Vertrieb West,76,84.0,140.0,134.81,65.0,2200
2025-07,Buerostuhl Premium,Vertrieb Sued,30,24.0,350.0,323.69,180.0,6000
2025-08,Webcam HD,Vertrieb Online,140,136.0,55.0,57.9,22.0,1100
2026-07,Schreibtisch Elektrisch,Vertrieb Nord,18,21.0,650.0,656.92,380.0,8000
2025-02,Monitor 32 Zoll Curved,Vertrieb Nord,24,24.0,480.0,451.17,270.0,5000
2026-06,Schreibtisch Fix,Vertrieb Sued,40,41.0,220.0,201.5,110.0,3500
2026-03,Monitor 32 Zoll Curved,Vertrieb West,24,29.0,480.0,451.96,270.0,5000
2026-12,Monitor 24 Zoll,Vertrieb Nord,70,65.0,180.0,185.07,100.0,2500
2025-01,Schreibtisch Elektrisch,Vertrieb Nord,18,20.0,650.0,677.1,380.0,8000
2026-07,Headset Business,Vertrieb Sued,120,112.0,75.0,70.57,32.0,1600
2025-02,Monitor 27 Zoll,Vertrieb Nord,60,60.0,280.0,263.42,160.0,4000
2025-01,Buerostuhl Basic,Vertrieb Ost,80,82.0,120.0,119.92,70.0,3000
2026-05,Monitor 32 Zoll Curved,Vertrieb Nord,24,23.0,480.0,464.68,270.0,5000
2025-04,Tastatur Wireless,Vertrieb Online,240,246.0,45.0,43.4,18.0,1200
2025-03,Headset Business,Vertrieb Nord,120,117.0,75.0,79.41,32.0,1600
2026-09,Tastatur Wireless,Vertrieb Nord,240,252.0,45.0,42.73,18.0,1200
2025-12,Tastatur Mechanisch,Vertrieb West,100,109.0,95.0,91.73,42.0,1800
2025-03,Tastatur Wireless,Vertrieb Sued,240,205.0,45.0,44.28,18.0,1200
2026-12,Schreibtischlampe LED,Vertrieb Ost,180,173.0,38.0,39.26,14.0,800
2026-03,Buerostuhl Premium,Vertrieb Ost,30,26.0,350.0,338.02,180.0,6000
2026-02,Schreibtisch Fix,Vertrieb West,40,36.0,220.0,209.7,110.0,3500
2025-07,Schreibtisch Fix,Vertrieb Nord,40,42.0,220.0,225.4,110.0,3500
2025-09,Buerostuhl Basic,Vertrieb Online,80,81.0,120.0,124.21,70.0,3000
2026-04,Dockingstation USB-C,Vertrieb Nord,76,97.0,140.0,138.17,65.0,2200
2026-08,Monitor 32 Zoll Curved,Vertrieb Nord,24,24.0,480.0,479.47,270.0,5000
2025-08,Dockingstation USB-C,Vertrieb Ost,76,73.0,140.0,133.46,65.0,2200
2025-10,Monitor 27 Zoll,Vertrieb West,60,63.0,280.0,274.63,160.0,4000
2026-07,Buerostuhl Basic,Vertrieb West,80,76.0,120.0,124.29,70.0,3000
2026-04,Monitor 32 Zoll Curved,Vertrieb Sued,24,25.0,480.0,469.32,270.0,5000
2026-11,Schreibtisch Fix,Vertrieb Nord,40,37.0,220.0,227.45,110.0,3500
2025-09,Dockingstation USB-C,Vertrieb Sued,76,80.0,140.0,146.13,65.0,2200
2026-10,Tastatur Wireless,Vertrieb Online,240,278.0,45.0,43.88,18.0,1200
2026-12,Schreibtisch Elektrisch,Vertrieb Online,18,20.0,650.0,614.54,380.0,8000
2025-05,Schreibtisch Elektrisch,Vertrieb Ost,18,18.0,650.0,703.77,380.0,8000
2025-10,Dockingstation USB-C,Vertrieb Sued,76,77.0,140.0,149.53,65.0,2200
2025-11,Maus Wireless,Vertrieb Sued,280,278.0,28.0,28.45,10.0,900
2026-05,Tastatur Mechanisch,Vertrieb Sued,100,87.0,95.0,91.7,42.0,1800
2026-08,Monitor 32 Zoll Curved,Vertrieb West,24,28.0,480.0,446.17,270.0,5000
2025-04,Monitor 24 Zoll,Vertrieb Online,70,82.0,180.0,181.53,100.0,2500
2026-04,Buerostuhl Ergonomic,Vertrieb Sued,18,20.0,550.0,553.23,290.0,7000
2025-10,Monitor 24 Zoll,Vertrieb Ost,70,69.0,180.0,180.65,100.0,2500
2025-05,Buerostuhl Premium,Vertrieb Ost,30,34.0,350.0,346.19,180.0,6000
2025-04,Tastatur Wireless,Vertrieb Ost,240,205.0,45.0,40.95,18.0,1200
2026-09,Monitor 27 Zoll,Vertrieb Ost,60,54.0,280.0,281.35,160.0,4000
2025-11,Headset Business,Vertrieb Online,120,111.0,75.0,78.2,32.0,1600
2025-07,Buerostuhl Basic,Vertrieb Nord,80,73.0,120.0,116.47,70.0,3000
2026-03,Dockingstation USB-C,Vertrieb Nord,76,72.0,140.0,134.49,65.0,2200
2026-04,Monitor 27 Zoll,Vertrieb West,60,61.0,280.0,278.43,160.0,4000
2026-04,Buerostuhl Ergonomic,Vertrieb Ost,18,18.0,550.0,597.8,290.0,7000
2026-03,Webcam HD,Vertrieb West,140,137.0,55.0,56.51,22.0,1100
2026-03,Schreibtisch Elektrisch,Vertrieb Sued,18,688.0,650.0,654.19,380.0,8000
2025-06,Monitor 24 Zoll,Vertrieb Sued,70,86.0,180.0,176.64,100.0,2500
2025-04,Schreibtisch Fix,Vertrieb Sued,40,35.0,220.0,213.01,110.0,3500
2026-02,Monitor 27 Zoll,Vertrieb Ost,60,60.0,280.0,280.96,160.0,4000
2026-12,Dockingstation USB-C,Vertrieb Nord,76,72.0,140.0,147.61,65.0,2200
2025-03,Tastatur Wireless,Vertrieb West,240,270.0,45.0,41.7,18.0,1200
2026-06,Buerostuhl Ergonomic,Vertrieb Ost,18,20.0,550.0,594.68,290.0,7000
2025-04,Schreibtisch Elektrisch,Vertrieb West,18,19.0,650.0,618.15,380.0,8000
2026-05,Buerostuhl Ergonomic,Vertrieb Ost,18,14.0,550.0,592.82,290.0,7000
2026-01,Buerostuhl Basic,Vertrieb West,80,78.0,120.0,130.08,70.0,3000
2025-11,Tastatur Mechanisch,Vertrieb Online,100,96.0,95.0,102.39,42.0,1800
2025-08,Tastatur Wireless,Vertrieb Ost,240,239.0,45.0,44.04,18.0,1200
2025-08,Maus Wireless,Vertrieb West,280,290.0,28.0,29.48,10.0,900
2026-11,Buerostuhl Premium,Vertrieb West,30,32.0,350.0,330.19,180.0,6000
2025-10,Monitor 32 Zoll Curved,Vertrieb Nord,24,22.0,480.0,442.05,270.0,5000
2025-08,Webcam HD,Vertrieb Nord,140,144.0,55.0,52.58,22.0,1100
2026-02,Buerostuhl Ergonomic,Vertrieb Online,18,17.0,550.0,576.48,290.0,7000
2026-10,Monitor 24 Zoll,Vertrieb West,70,70.0,180.0,175.89,100.0,2500
2026-07,Webcam HD,Vertrieb West,140,150.0,55.0,55.56,22.0,1100
2025-07,Schreibtisch Fix,Vertrieb West,40,47.0,220.0,202.77,110.0,3500
2026-01,Tastatur Mechanisch,Vertrieb Online,100,99.0,95.0,94.19,42.0,1800
2026-09,Monitor 32 Zoll Curved,Vertrieb Sued,24,22.0,480.0,487.82,270.0,5000
2026-01,Schreibtischlampe LED,Vertrieb Sued,180,211.0,38.0,36.55,14.0,800
2025-09,Buerostuhl Ergonomic,Vertrieb Online,18,23.0,550.0,574.2,290.0,7000
2025-11,Dockingstation USB-C,Vertrieb Sued,76,76.0,140.0,139.58,65.0,2200
2025-12,Maus Wireless,Vertrieb Sued,280,285.0,28.0,26.41,10.0,900
2026-07,Tastatur Mechanisch,Vertrieb Online,100,93.0,95.0,89.04,42.0,1800
2026-07,Monitor 27 Zoll,Vertrieb Online,60,52.0,280.0,293.78,160.0,4000
2025-10,Monitor 27 Zoll,Vertrieb Ost,60,64.0,280.0,292.08,160.0,4000
2026-08,Tastatur Wireless,Vertrieb Ost,240,255.0,45.0,43.83,18.0,1200
2025-10,Buerostuhl Ergonomic,Vertrieb Ost,18,20.0,550.0,560.7,290.0,7000
2025-05,Buerostuhl Basic,Vertrieb West,80,72.0,120.0,120.63,70.0,3000
2026-09,Monitor 24 Zoll,Vertrieb West,70,78.0,180.0,189.49,100.0,2500
2026-01,Monitor 27 Zoll,Vertrieb West,60,56.0,280.0,289.3,160.0,4000
2026-10,Buerostuhl Ergonomic,Vertrieb West,18,20.0,550.0,564.78,290.0,7000
2026-09,Maus Wireless,Vertrieb Sued,280,279.0,28.0,27.61,10.0,900
2025-09,Tastatur Mechanisch,Vertrieb Ost,100,87.0,95.0,102.07,42.0,1800
2025-01,Tastatur Mechanisch,Vertrieb West,100,117.0,95.0,92.04,42.0,1800
2026-03,Buerostuhl Ergonomic,Vertrieb West,18,16.0,550.0,497.29,290.0,7000
2026-01,Schreibtischlampe LED,Vertrieb Online,180,200.0,38.0,35.92,14.0,800
2026-06,Schreibtisch Fix,Vertrieb Nord,40,43.0,220.0,222.64,110.0,3500
2026-03,Schreibtisch Fix,Vertrieb Nord,40,39.0,220.0,236.55,110.0,3500
2025-09,Maus Wireless,Vertrieb Nord,280,296.0,28.0,30.09,10.0,900
2025-11,Schreibtischlampe LED,Vertrieb Ost,180,210.0,38.0,40.02,14.0,800
2025-09,Webcam HD,Vertrieb Sued,140,129.0,55.0,54.17,22.0,1100
2026-06,Schreibtisch Fix,Vertrieb Online,40,47.0,220.0,200.74,110.0,3500
2026-05,Monitor 27 Zoll,Vertrieb Nord,60,64.0,280.0,273.97,160.0,4000
2025-04,Buerostuhl Basic,Vertrieb Ost,80,81.0,120.0,129.61,70.0,3000
2026-07,Headset Business,Vertrieb Online,120,120.0,75.0,71.82,32.0,1600
2026-10,Webcam HD,Vertrieb Online,140,142.0,55.0,-54.82,22.0,1100
2025-03,Monitor 27 Zoll,Vertrieb Ost,60,56.0,280.0,287.27,160.0,4000
2026-04,Schreibtischlampe LED,Vertrieb Online,180,165.0,38.0,41.46,14.0,800
2025-07,Webcam HD,Vertrieb Online,140,91.0,55.0,54.18,22.0,1100
2025-05,Schreibtisch Elektrisch,Vertrieb West,18,16.0,650.0,703.3,380.0,8000
2026-12,Monitor 32 Zoll Curved,Vertrieb Sued,24,25.0,480.0,498.29,270.0,5000
2026-12,Schreibtischlampe LED,Vertrieb Sued,180,174.0,38.0,39.0,14.0,800
2026-10,Schreibtisch Fix,Vertrieb Sued,40,42.0,220.0,211.26,110.0,3500
2025-07,Buerostuhl Ergonomic,Vertrieb Online,18,16.0,550.0,512.13,290.0,7000
2025-08,Schreibtisch Elektrisch,Vertrieb Ost,18,17.0,650.0,631.56,380.0,8000
2025-06,Buerostuhl Premium,Vertrieb Online,30,31.0,350.0,374.27,180.0,6000
2025-02,Monitor 27 Zoll,Vertrieb Sued,60,51.0,280.0,271.97,160.0,4000
2025-02,Tastatur Wireless,Vertrieb Online,240,214.0,45.0,47.48,18.0,1200
2026-12,Monitor 32 Zoll Curved,Vertrieb Online,24,24.0,480.0,480.03,270.0,5000
2025-05,Tastatur Mechanisch,Vertrieb Online,100,95.0,95.0,95.88,42.0,1800
2025-04,Headset Business,Vertrieb West,120,95.0,75.0,67.12,32.0,1600
2026-09,Tastatur Mechanisch,Vertrieb West,100,93.0,95.0,101.29,42.0,1800
2025-03,Schreibtisch Elektrisch,Vertrieb Ost,18,17.0,650.0,590.73,380.0,8000
2026-07,Tastatur Mechanisch,Vertrieb West,100,86.0,95.0,95.27,42.0,1800
2026-07,Maus Wireless,Vertrieb Sued,280,276.0,28.0,27.28,10.0,900
2025-03,Buerostuhl Ergonomic,Vertrieb Nord,18,21.0,550.0,591.29,290.0,7000
2026-11,Maus Wireless,Vertrieb Nord,280,259.0,28.0,26.52,10.0,900
2026-11,Webcam HD,Vertrieb Sued,140,140.0,55.0,53.43,22.0,1100
2025-03,Monitor 27 Zoll,Vertrieb West,60,51.0,280.0,269.08,160.0,4000
2025-02,Tastatur Wireless,Vertrieb Nord,240,247.0,45.0,46.03,18.0,1200
2026-01,Tastatur Wireless,Vertrieb Ost,240,310.0,45.0,43.49,18.0,1200
2025-08,Tastatur Wireless,Vertrieb Online,240,225.0,45.0,45.52,18.0,1200
2026-09,Schreibtisch Elektrisch,Vertrieb Ost,18,15.0,650.0,655.62,380.0,8000
2025-01,Webcam HD,Vertrieb Sued,140,142.0,55.0,59.51,22.0,1100
2025-10,Tastatur Wireless,Vertrieb Online,240,186.0,45.0,44.31,18.0,1200
2026-07,Buerostuhl Premium,Vertrieb Ost,30,26.0,350.0,356.21,180.0,6000
2025-06,Monitor 27 Zoll,Vertrieb Nord,60,65.0,280.0,276.23,160.0,4000
2025-09,Schreibtisch Elektrisch,Vertrieb West,18,18.0,650.0,575.51,380.0,8000
2026-06,Monitor 24 Zoll,Vertrieb Ost,70,64.0,180.0,171.66,100.0,2500
2026-04,Buerostuhl Basic,Vertrieb West,80,92.0,120.0,115.83,70.0,3000
2025-05,Monitor 27 Zoll,Vertrieb Nord,60,57.0,280.0,296.16,160.0,4000
2025-01,Tastatur Mechanisch,Vertrieb Ost,100,88.0,95.0,93.47,42.0,1800
2026-06,Dockingstation USB-C,Vertrieb Nord,76,72.0,140.0,140.7,65.0,2200
2025-05,Tastatur Wireless,Vertrieb West,240,237.0,45.0,45.11,18.0,1200
2026-09,Monitor 32 Zoll Curved,Vertrieb West,24,27.0,480.0,487.9,270.0,5000
2026-06,Schreibtisch Fix,Vertrieb Ost,40,42.0,220.0,230.09,110.0,3500
2025-06,Monitor 27 Zoll,Vertrieb West,60,58.0,280.0,275.21,160.0,4000
2026-03,Maus Wireless,Vertrieb Ost,280,306.0,28.0,26.71,10.0,900
2026-06,Dockingstation USB-C,Vertrieb Sued,76,75.0,140.0,152.18,65.0,2200
2025-09,Monitor 32 Zoll Curved,Vertrieb West,24,24.0,480.0,509.17,270.0,5000
2025-12,Headset Business,Vertrieb Nord,120,107.0,75.0,74.18,32.0,1600
2026-02,Webcam HD,Vertrieb West,140,130.0,55.0,57.58,22.0,1100
2026-10,Schreibtischlampe LED,Vertrieb Online,180,156.0,38.0,39.08,14.0,800
2026-12,Maus Wireless,Vertrieb Ost,280,293.0,28.0,28.23,10.0,900
2025-05,Tastatur Mechanisch,Vertrieb West,100,119.0,95.0,88.81,42.0,1800
2026-09,Tastatur Mechanisch,Vertrieb Sued,100,103.0,95.0,96.38,42.0,1800
2026-07,Buerostuhl Premium,Vertrieb West,30,29.0,350.0,337.8,180.0,6000
2025-11,Webcam HD,Vertrieb Sued,140,154.0,55.0,57.16,22.0,1100
2026-07,Monitor 27 Zoll,Vertrieb Sued,60,56.0,280.0,295.54,160.0,4000
2025-01,Monitor 24 Zoll,Vertrieb Sued,70,76.0,180.0,170.7,100.0,2500
2026-01,Buerostuhl Basic,Vertrieb Online,80,79.0,120.0,127.76,70.0,3000
2025-10,Buerostuhl Basic,Vertrieb Ost,80,82.0,120.0,112.79,70.0,3000
2026-03,Monitor 27 Zoll,Vertrieb West,60,59.0,280.0,295.56,160.0,4000
2026-06,Monitor 32 Zoll Curved,Vertrieb Ost,24,23.0,480.0,517.91,270.0,5000
2025-09,Buerostuhl Ergonomic,Vertrieb Nord,18,17.0,550.0,544.47,290.0,7000
2025-12,Buerostuhl Basic,Vertrieb Ost,80,88.0,120.0,120.5,70.0,3000
2026-05,Schreibtischlampe LED,Vertrieb Ost,180,181.0,38.0,37.52,14.0,800
2026-05,Tastatur Wireless,Vertrieb Ost,240,226.0,45.0,43.33,18.0,1200
2026-01,Monitor 32 Zoll Curved,Vertrieb Ost,24,24.0,480.0,512.99,270.0,5000
2026-02,Webcam HD,Vertrieb Online,140,142.0,55.0,54.44,22.0,1100
2026-01,Dockingstation USB-C,Vertrieb Sued,76,74.0,140.0,145.14,65.0,2200
2026-02,Tastatur Mechanisch,Vertrieb Sued,100,101.0,95.0,97.65,42.0,1800
2026-12,Buerostuhl Ergonomic,Vertrieb Nord,18,16.0,550.0,513.21,290.0,7000
2025-08,Monitor 27 Zoll,Vertrieb Nord,60,43.0,280.0,292.36,160.0,4000
2026-07,Buerostuhl Ergonomic,Vertrieb West,18,15.0,550.0,559.81,290.0,7000
2025-02,Schreibtisch Fix,Vertrieb Ost,40,44.0,220.0,213.13,110.0,3500
2026-11,Tastatur Wireless,Vertrieb Online,240,275.0,45.0,43.41,18.0,1200
2025-04,Monitor 27 Zoll,Vertrieb West,60,53.0,280.0,275.84,160.0,4000
2026-05,Buerostuhl Ergonomic,Vertrieb Nord,18,22.0,550.0,546.9,290.0,7000
2025-03,Headset Business,Vertrieb West,120,139.0,75.0,76.75,32.0,1600
2025-11,Buerostuhl Ergonomic,Vertrieb Sued,18,18.0,550.0,568.87,290.0,7000
2026-11,Buerostuhl Ergonomic,Vertrieb Sued,18,,550.0,493.46,290.0,7000
2026-11,Buerostuhl Ergonomic,Vertrieb Nord,18,16.0,550.0,583.53,290.0,7000
2025-04,Buerostuhl Ergonomic,Vertrieb Nord,18,18.0,550.0,536.48,290.0,7000
2025-01,Buerostuhl Premium,Vertrieb Sued,30,31.0,350.0,328.2,180.0,6000
2025-05,Monitor 32 Zoll Curved,Vertrieb Nord,24,23.0,480.0,503.44,270.0,5000
2026-05,Monitor 24 Zoll,Vertrieb West,70,74.0,180.0,190.36,100.0,2500
2025-10,Buerostuhl Basic,Vertrieb Sued,80,74.0,120.0,108.28,70.0,3000
2025-11,Schreibtisch Elektrisch,Vertrieb West,18,19.0,650.0,632.83,380.0,8000
2025-11,Buerostuhl Basic,Vertrieb Nord,80,85.0,120.0,122.32,70.0,3000
2025-07,Monitor 27 Zoll,Vertrieb West,60,70.0,280.0,270.41,160.0,4000
2026-05,Buerostuhl Basic,Vertrieb West,80,73.0,120.0,116.13,70.0,3000
2025-04,Tastatur Mechanisch,Vertrieb Online,100,103.0,95.0,92.87,42.0,1800
2026-08,Monitor 32 Zoll Curved,Vertrieb Ost,24,22.0,480.0,519.39,270.0,5000
2026-11,Schreibtisch Elektrisch,Vertrieb Sued,18,17.0,650.0,734.38,380.0,8000
2026-11,Webcam HD,Vertrieb Nord,140,131.0,55.0,55.7,22.0,1100
2026-03,Schreibtischlampe LED,Vertrieb Sued,180,182.0,38.0,40.31,14.0,800
2026-04,Headset Business,Vertrieb Sued,120,,75.0,78.5,32.0,1600
2025-05,Maus Wireless,Vertrieb West,280,232.0,28.0,27.81,10.0,900
2025-10,Monitor 27 Zoll,Vertrieb Nord,60,68.0,280.0,264.37,160.0,4000
2026-08,Buerostuhl Premium,Vertrieb Sued,30,29.0,350.0,365.58,180.0,6000
2025-05,Tastatur Wireless,Vertrieb Online,240,239.0,45.0,42.21,18.0,1200
2025-03,Buerostuhl Basic,Vertrieb Sued,80,81.0,120.0,126.96,70.0,3000
2026-02,Webcam HD,Vertrieb Nord,140,149.0,55.0,55.67,22.0,1100
2025-08,Maus Wireless,Vertrieb Ost,280,261.0,28.0,27.56,10.0,900
2025-06,Schreibtisch Fix,Vertrieb Nord,40,37.0,220.0,237.36,110.0,3500
2025-05,Dockingstation USB-C,Vertrieb Nord,76,82.0,140.0,143.87,65.0,2200
2026-04,Buerostuhl Basic,Vertrieb Nord,80,85.0,120.0,128.79,70.0,3000
2026-12,Dockingstation USB-C,Vertrieb Online,76,83.0,140.0,120.96,65.0,2200
2026-06,Tastatur Wireless,Vertrieb Nord,240,234.0,45.0,48.11,18.0,1200
2025-09,Maus Wireless,Vertrieb West,280,261.0,28.0,29.96,10.0,900
2026-09,Schreibtisch Fix,Vertrieb Nord,40,39.0,220.0,223.96,110.0,3500
2026-02,Schreibtischlampe LED,Vertrieb Online,180,167.0,38.0,39.53,14.0,800
2026-04,Buerostuhl Ergonomic,Vertrieb West,18,18.0,550.0,546.07,290.0,7000
2025-11,Webcam HD,Vertrieb Nord,140,139.0,55.0,55.7,22.0,1100
2025-03,Buerostuhl Premium,Vertrieb Sued,30,28.0,350.0,351.93,180.0,6000
2025-08,Tastatur Wireless,Vertrieb West,240,242.0,45.0,41.25,18.0,1200
2026-05,Tastatur Mechanisch,Vertrieb Nord,100,108.0,95.0,97.99,42.0,1800
2026-12,Tastatur Mechanisch,Vertrieb Sued,100,97.0,95.0,96.13,42.0,1800
2025-01,Buerostuhl Ergonomic,Vertrieb Sued,18,17.0,550.0,625.07,290.0,7000
2025-01,Buerostuhl Ergonomic,Vertrieb West,18,18.0,550.0,570.52,290.0,7000
2026-01,Buerostuhl Premium,Vertrieb West,30,25.0,350.0,322.28,180.0,6000
2026-01,Schreibtischlampe LED,Vertrieb Nord,180,164.0,38.0,38.33,14.0,800
2025-05,Tastatur Mechanisch,Vertrieb Sued,100,108.0,95.0,102.61,42.0,1800
2025-11,Monitor 32 Zoll Curved,Vertrieb Online,24,23.0,480.0,508.24,270.0,5000
2026-08,Maus Wireless,Vertrieb Ost,280,341.0,28.0,29.42,10.0,900
2026-01,Tastatur Mechanisch,Vertrieb West,100,101.0,95.0,93.57,42.0,1800
2026-06,Buerostuhl Premium,Vertrieb Ost,30,26.0,350.0,368.24,180.0,6000
2025-11,Buerostuhl Premium,Vertrieb Online,30,26.0,350.0,349.27,180.0,6000
2026-11,Schreibtisch Fix,Vertrieb West,40,39.0,220.0,207.81,110.0,3500
2025-01,Monitor 27 Zoll,Vertrieb Nord,60,55.0,280.0,272.63,160.0,4000
2026-11,Monitor 24 Zoll,Vertrieb Ost,70,69.0,180.0,182.82,100.0,2500
2025-01,Schreibtisch Fix,Vertrieb Sued,40,36.0,220.0,222.05,110.0,3500
2026-05,Buerostuhl Premium,Vertrieb Online,30,28.0,350.0,335.44,180.0,6000
2026-04,Monitor 32 Zoll Curved,Vertrieb Online,24,22.0,480.0,425.14,270.0,5000
2025-05,Dockingstation USB-C,Vertrieb Ost,76,71.0,140.0,146.16,65.0,2200
2026-03,Buerostuhl Basic,Vertrieb Sued,80,67.0,120.0,125.52,70.0,3000
2026-10,Buerostuhl Ergonomic,Vertrieb Online,18,19.0,550.0,581.56,290.0,7000
2025-09,Monitor 27 Zoll,Vertrieb Online,60,66.0,280.0,254.16,160.0,4000
2025-09,Monitor 24 Zoll,Vertrieb Nord,70,80.0,180.0,158.28,100.0,2500
2025-01,Schreibtischlampe LED,Vertrieb Nord,180,182.0,38.0,37.66,14.0,800
2026-02,Buerostuhl Basic,Vertrieb West,80,84.0,120.0,110.1,70.0,3000
2025-01,Tastatur Wireless,Vertrieb Ost,240,266.0,45.0,41.88,18.0,1200
2025-05,Webcam HD,Vertrieb Nord,140,135.0,55.0,55.69,22.0,1100
2026-11,Schreibtisch Elektrisch,Vertrieb Ost,18,19.0,650.0,647.61,380.0,8000
2026-08,Buerostuhl Premium,Vertrieb Nord,30,32.0,350.0,328.18,180.0,6000
2025-02,Webcam HD,Vertrieb West,140,135.0,55.0,57.25,22.0,1100
2026-04,Monitor 32 Zoll Curved,Vertrieb Ost,24,21.0,480.0,448.67,270.0,5000
2026-12,Schreibtisch Fix,Vertrieb Ost,40,38.0,220.0,229.99,110.0,3500
2026-11,Schreibtisch Fix,Vertrieb Ost,40,50.0,220.0,227.38,110.0,3500
2025-03,Monitor 32 Zoll Curved,Vertrieb Sued,24,23.0,480.0,490.03,270.0,5000
2026-11,Tastatur Mechanisch,Vertrieb Online,100,120.0,95.0,97.53,42.0,1800
2026-04,Dockingstation USB-C,Vertrieb Online,76,72.0,140.0,134.07,65.0,2200
2026-06,Monitor 24 Zoll,Vertrieb Nord,70,58.0,180.0,178.9,100.0,2500
2025-11,Headset Business,Vertrieb West,120,128.0,75.0,68.87,32.0,1600
2026-03,Schreibtischlampe LED,Vertrieb Ost,180,195.0,38.0,38.97,14.0,800
2026-05,Monitor 27 Zoll,Vertrieb West,60,54.0,280.0,287.29,160.0,4000
2026-03,Monitor 24 Zoll,Vertrieb West,70,71.0,180.0,199.74,100.0,2500
2025-07,Monitor 24 Zoll,Vertrieb Ost,70,72.0,180.0,172.31,100.0,2500
2026-04,Monitor 24 Zoll,Vertrieb Nord,70,62.0,180.0,179.97,100.0,2500
2025-02,Monitor 24 Zoll,Vertrieb Sued,70,72.0,180.0,161.53,100.0,2500
2026-10,Tastatur Mechanisch,Vertrieb Online,100,100.0,95.0,98.22,42.0,1800
2026-07,Monitor 24 Zoll,Vertrieb Sued,70,70.0,180.0,192.34,100.0,2500
2025-12,Buerostuhl Ergonomic,Vertrieb Online,18,19.0,550.0,522.73,290.0,7000
2025-04,Schreibtischlampe LED,Vertrieb Online,180,172.0,38.0,38.34,14.0,800
2026-06,Maus Wireless,Vertrieb Online,280,328.0,28.0,27.59,10.0,900
2026-01,Dockingstation USB-C,Vertrieb Nord,76,62.0,140.0,130.76,65.0,2200
2025-09,Tastatur Wireless,Vertrieb West,240,193.0,45.0,45.94,18.0,1200
2025-11,Buerostuhl Basic,Vertrieb Sued,80,77.0,120.0,119.94,70.0,3000
2025-03,Monitor 27 Zoll,Vertrieb Sued,60,66.0,280.0,281.23,160.0,4000
2025-06,Buerostuhl Ergonomic,Vertrieb West,18,16.0,550.0,518.77,290.0,7000
2026-01,Schreibtisch Elektrisch,Vertrieb West,18,18.0,650.0,601.18,380.0,8000
2025-08,Buerostuhl Premium,Vertrieb Nord,30,30.0,350.0,364.41,180.0,6000
2025-11,Tastatur Wireless,Vertrieb Nord,240,270.0,45.0,42.37,18.0,1200
2025-10,Buerostuhl Basic,Vertrieb West,80,79.0,120.0,108.47,70.0,3000
2026-10,Buerostuhl Premium,Vertrieb Sued,30,35.0,350.0,339.55,180.0,6000
2025-03,Schreibtisch Fix,Vertrieb Sued,40,43.0,220.0,227.75,110.0,3500
2025-07,Monitor 27 Zoll,Vertrieb Sued,60,51.0,280.0,241.8,160.0,4000
2025-08,Buerostuhl Premium,Vertrieb West,30,29.0,350.0,360.01,180.0,6000
2025-05,Headset Business,Vertrieb Sued,120,126.0,75.0,85.58,32.0,1600
2025-09,Headset Business,Vertrieb West,120,136.0,75.0,81.83,32.0,1600
2025-05,Dockingstation USB-C,Vertrieb West,76,96.0,140.0,136.7,65.0,2200
2026-01,Buerostuhl Basic,Vertrieb Nord,80,83.0,120.0,118.55,70.0,3000
2025-10,Tastatur Mechanisch,Vertrieb West,100,102.0,95.0,97.4,42.0,1800
2025-11,Headset Business,Vertrieb Ost,120,117.0,75.0,76.28,32.0,1600
2025-06,Monitor 27 Zoll,Vertrieb Online,60,56.0,280.0,297.79,160.0,4000
2026-09,Webcam HD,Vertrieb West,140,133.0,55.0,55.87,22.0,1100
2026-10,Buerostuhl Premium,Vertrieb Nord,30,29.0,350.0,367.82,180.0,6000
2025-08,Buerostuhl Premium,Vertrieb Sued,30,40.0,350.0,365.82,180.0,6000
2026-10,Headset Business,Vertrieb Sued,120,108.0,75.0,75.98,32.0,1600
2026-05,Monitor 32 Zoll Curved,Vertrieb West,24,26.0,480.0,471.07,270.0,5000
2025-06,Schreibtischlampe LED,Vertrieb West,180,183.0,38.0,36.05,14.0,800
2025-04,Monitor 24 Zoll,Vertrieb Nord,70,67.0,180.0,200.55,100.0,2500
2026-12,Buerostuhl Basic,Vertrieb Sued,80,81.0,120.0,118.03,70.0,3000
2026-07,Schreibtischlampe LED,Vertrieb Online,180,150.0,38.0,36.51,14.0,800
2025-06,Maus Wireless,Vertrieb Ost,280,283.0,28.0,28.35,10.0,900
2025-12,Webcam HD,Vertrieb Nord,140,128.0,55.0,57.91,22.0,1100
2025-12,Buerostuhl Ergonomic,Vertrieb Sued,18,15.0,550.0,557.4,290.0,7000
2026-09,Schreibtisch Fix,Vertrieb Ost,40,40.0,220.0,198.94,110.0,3500
2026-06,Maus Wireless,Vertrieb Ost,280,258.0,28.0,28.43,10.0,900
2025-06,Tastatur Wireless,Vertrieb Nord,240,286.0,45.0,48.28,18.0,1200
2026-07,Dockingstation USB-C,Vertrieb Sued,76,79.0,140.0,148.78,65.0,2200
2026-09,Webcam HD,Vertrieb Online,140,154.0,55.0,53.74,22.0,1100
2025-09,Headset Business,Vertrieb Online,120,131.0,75.0,74.39,32.0,1600
2025-08,Tastatur Mechanisch,Vertrieb Sued,100,117.0,95.0,102.14,42.0,1800
2026-10,Tastatur Wireless,Vertrieb West,240,229.0,45.0,45.54,18.0,1200
2026-06,Schreibtisch Fix,Vertrieb West,40,36.0,220.0,211.19,110.0,3500
2025-09,Monitor 24 Zoll,Vertrieb West,70,70.0,180.0,193.9,100.0,2500
2025-10,Tastatur Mechanisch,Vertrieb Online,100,92.0,95.0,102.84,42.0,1800
2026-09,Monitor 24 Zoll,Vertrieb Ost,70,67.0,180.0,183.96,100.0,2500
2025-10,Monitor 32 Zoll Curved,Vertrieb Online,24,25.0,480.0,419.47,270.0,5000
2025-11,Headset Business,Vertrieb Sued,120,109.0,75.0,73.83,32.0,1600
2026-02,Schreibtisch Fix,Vertrieb Sued,40,36.0,220.0,228.07,110.0,3500
2026-10,Monitor 27 Zoll,Vertrieb West,60,57.0,280.0,307.92,160.0,4000
2025-09,Buerostuhl Basic,Vertrieb Ost,80,81.0,120.0,124.79,70.0,3000
2025-09,Tastatur Mechanisch,Vertrieb Nord,100,116.0,95.0,90.75,42.0,1800
2026-07,Tastatur Wireless,Vertrieb Nord,240,234.0,45.0,43.78,18.0,1200
2026-06,Headset Business,Vertrieb Ost,120,128.0,75.0,66.11,32.0,1600
2025-10,Schreibtisch Fix,Vertrieb West,40,39.0,220.0,245.17,110.0,3500
2025-11,Schreibtischlampe LED,Vertrieb Sued,180,175.0,38.0,36.78,14.0,800
2026-06,Tastatur Mechanisch,Vertrieb Online,100,115.0,95.0,95.94,42.0,1800
2026-03,Dockingstation USB-C,Vertrieb Online,76,72.0,140.0,133.78,65.0,2200
2026-09,Schreibtischlampe LED,Vertrieb Ost,180,166.0,38.0,35.84,14.0,800
2025-03,Webcam HD,Vertrieb Ost,140,125.0,55.0,50.58,22.0,1100
2025-05,Webcam HD,Vertrieb Ost,140,138.0,55.0,54.19,22.0,1100
2026-05,Webcam HD,Vertrieb Sued,140,124.0,55.0,52.12,22.0,1100
2025-05,Buerostuhl Basic,Vertrieb Ost,80,66.0,120.0,126.42,70.0,3000
2025-05,Maus Wireless,Vertrieb Online,280,289.0,28.0,28.5,10.0,900
2025-10,Schreibtisch Fix,Vertrieb Ost,40,40.0,220.0,208.6,110.0,3500
2025-10,Tastatur Mechanisch,Vertrieb Ost,100,94.0,95.0,98.19,42.0,1800
2025-12,Schreibtisch Fix,Vertrieb West,40,42.0,220.0,208.27,110.0,3500
2025-05,Dockingstation USB-C,Vertrieb Online,76,71.0,140.0,144.04,65.0,2200
2026-08,Schreibtisch Elektrisch,Vertrieb Nord,18,17.0,650.0,611.31,380.0,8000
2025-03,Dockingstation USB-C,Vertrieb Sued,76,68.0,140.0,141.28,65.0,2200
2026-03,Monitor 24 Zoll,Vertrieb Nord,70,63.0,180.0,178.05,100.0,2500
2025-11,Monitor 27 Zoll,Vertrieb West,60,57.0,280.0,280.91,160.0,4000
2026-05,Monitor 27 Zoll,Vertrieb Ost,60,61.0,280.0,245.15,160.0,4000
2025-01,Tastatur Mechanisch,Vertrieb Sued,100,107.0,95.0,103.1,42.0,1800
2026-05,Maus Wireless,Vertrieb Sued,280,307.0,28.0,27.62,10.0,900
2026-01,Tastatur Mechanisch,Vertrieb Sued,100,100.0,95.0,90.49,42.0,1800
2026-08,Tastatur Wireless,Vertrieb Nord,240,227.0,45.0,44.36,18.0,1200
2025-12,Monitor 24 Zoll,Vertrieb Sued,70,71.0,180.0,186.33,100.0,2500
2026-05,Buerostuhl Premium,Vertrieb West,30,26.0,350.0,344.18,180.0,6000
2026-02,Monitor 32 Zoll Curved,Vertrieb Online,24,25.0,480.0,444.75,270.0,5000
2026-08,Schreibtisch Fix,Vertrieb Nord,40,39.0,220.0,232.1,110.0,3500
2025-03,Buerostuhl Basic,Vertrieb Online,80,81.0,120.0,112.47,70.0,3000
2025-08,Webcam HD,Vertrieb West,140,126.0,55.0,56.6,22.0,1100
2025-11,Dockingstation USB-C,Vertrieb Online,76,59.0,140.0,133.33,65.0,2200
2025-11,Schreibtischlampe LED,Vertrieb Online,180,213.0,38.0,40.44,14.0,800
2026-08,Buerostuhl Basic,Vertrieb West,80,83.0,120.0,121.6,70.0,3000
2026-06,Tastatur Mechanisch,Vertrieb Sued,100,114.0,95.0,97.67,42.0,1800
2025-01,Buerostuhl Premium,Vertrieb Nord,30,31.0,350.0,353.88,180.0,6000
2026-12,Monitor 27 Zoll,Vertrieb Ost,60,69.0,280.0,299.72,160.0,4000
2026-05,Dockingstation USB-C,Vertrieb Nord,76,60.0,140.0,136.71,65.0,2200
2026-06,Schreibtischlampe LED,Vertrieb West,180,181.0,38.0,40.03,14.0,800
2025-06,Tastatur Mechanisch,Vertrieb West,100,121.0,95.0,93.98,42.0,1800
2026-07,Monitor 27 Zoll,Vertrieb West,60,53.0,280.0,272.09,160.0,4000
2025-02,Webcam HD,Vertrieb Sued,140,164.0,55.0,54.38,22.0,1100
2025-08,Schreibtisch Elektrisch,Vertrieb West,18,14.0,650.0,621.16,380.0,8000
2025-01,Schreibtisch Elektrisch,Vertrieb Sued,18,17.0,650.0,647.76,380.0,8000
2026-09,Schreibtischlampe LED,Vertrieb Sued,180,197.0,38.0,37.53,14.0,800
2025-05,Schreibtisch Fix,Vertrieb Sued,40,38.0,220.0,214.73,110.0,3500
2025-02,Buerostuhl Premium,Vertrieb Nord,30,29.0,350.0,343.46,180.0,6000
2026-09,Webcam HD,Vertrieb Ost,140,130.0,55.0,58.37,22.0,1100
2026-05,Monitor 32 Zoll Curved,Vertrieb Sued,24,704.0,480.0,504.06,270.0,5000
2025-05,Headset Business,Vertrieb West,120,117.0,75.0,71.11,32.0,1600
2025-12,Buerostuhl Basic,Vertrieb Online,80,80.0,120.0,120.26,70.0,3000
2025-10,Schreibtisch Elektrisch,Vertrieb Nord,18,15.0,650.0,630.9,380.0,8000
2026-12,Schreibtischlampe LED,Vertrieb Online,180,177.0,38.0,39.08,14.0,800
2026-07,Tastatur Mechanisch,Vertrieb Sued,100,99.0,95.0,88.72,42.0,1800
2026-10,Buerostuhl Basic,Vertrieb Nord,80,81.0,120.0,122.33,70.0,3000
2025-09,Schreibtisch Fix,Vertrieb Sued,40,39.0,220.0,211.63,110.0,3500
2025-12,Webcam HD,Vertrieb Online,140,131.0,55.0,53.41,22.0,1100
2025-12,Tastatur Wireless,Vertrieb Ost,240,216.0,45.0,44.91,18.0,1200
2025-07,Schreibtisch Fix,Vertrieb Ost,40,41.0,220.0,215.15,110.0,3500
2025-09,Schreibtisch Fix,Vertrieb Online,40,33.0,220.0,214.68,110.0,3500
2026-03,Buerostuhl Ergonomic,Vertrieb Sued,18,20.0,550.0,558.75,290.0,7000
2026-12,Schreibtisch Elektrisch,Vertrieb Sued,18,16.0,650.0,623.99,380.0,8000
2025-09,Webcam HD,Vertrieb Ost,140,145.0,55.0,59.91,22.0,1100
2025-12,Schreibtisch Elektrisch,Vertrieb Nord,18,15.0,650.0,749.7,380.0,8000
2026-09,Buerostuhl Premium,Vertrieb Ost,30,31.0,350.0,355.94,180.0,6000
2026-08,Monitor 32 Zoll Curved,Vertrieb Online,24,26.0,480.0,468.11,270.0,5000
2025-04,Schreibtisch Fix,Vertrieb Online,40,39.0,220.0,234.69,110.0,3500
2026-02,Monitor 24 Zoll,Vertrieb Online,70,77.0,180.0,178.55,100.0,2500
2025-08,Monitor 32 Zoll Curved,Vertrieb Ost,24,22.0,480.0,463.93,270.0,5000
2026-12,Headset Business,Vertrieb Online,120,120.0,75.0,80.74,32.0,1600
2025-02,Tastatur Wireless,Vertrieb Sued,240,263.0,45.0,46.89,18.0,1200
2025-07,Headset Business,Vertrieb Online,120,113.0,75.0,84.23,32.0,1600
2026-07,Buerostuhl Basic,Vertrieb Nord,80,81.0,120.0,111.93,70.0,3000
2026-06,Buerostuhl Ergonomic,Vertrieb West,18,18.0,550.0,517.85,290.0,7000
2025-07,Buerostuhl Basic,Vertrieb Nord,80,73.0,120.0,116.47,70.0,3000
2025-12,Webcam HD,Vertrieb Ost,140,129.0,55.0,58.55,22.0,1100
2025-04,Buerostuhl Ergonomic,Vertrieb Ost,18,17.0,550.0,515.26,290.0,7000
2025-02,Maus Wireless,Vertrieb Ost,280,298.0,28.0,29.7,10.0,900
2025-06,Tastatur Mechanisch,Vertrieb Nord,100,98.0,95.0,95.25,42.0,1800
2025-05,Tastatur Mechanisch,Vertrieb Ost,100,97.0,95.0,97.32,42.0,1800
2025-06,Schreibtisch Elektrisch,Vertrieb Nord,18,17.0,650.0,714.49,380.0,8000
2025-03,Schreibtischlampe LED,Vertrieb West,180,199.0,38.0,39.4,14.0,800
2025-11,Schreibtisch Elektrisch,Vertrieb Ost,18,18.0,650.0,583.43,380.0,8000
2026-01,Buerostuhl Ergonomic,Vertrieb Sued,18,16.0,550.0,539.09,290.0,7000
2025-02,Monitor 32 Zoll Curved,Vertrieb Online,24,25.0,480.0,475.47,270.0,5000
2025-10,Tastatur Wireless,Vertrieb Ost,240,211.0,45.0,47.5,18.0,1200
2026-07,Monitor 24 Zoll,Vertrieb West,70,77.0,180.0,179.25,100.0,2500
2025-04,Schreibtisch Fix,Vertrieb Nord,40,44.0,220.0,215.65,110.0,3500
2025-04,Maus Wireless,Vertrieb West,280,215.0,28.0,27.56,10.0,900
2025-05,Buerostuhl Premium,Vertrieb Online,30,28.0,350.0,345.05,180.0,6000
2025-01,Monitor 24 Zoll,Vertrieb Nord,70,2397.0,180.0,184.59,100.0,2500
2025-08,Maus Wireless,Vertrieb Online,280,224.0,28.0,27.59,10.0,900
2025-03,Buerostuhl Premium,Vertrieb Online,30,27.0,350.0,336.88,180.0,6000
2025-10,Dockingstation USB-C,Vertrieb West,76,66.0,140.0,137.61,65.0,2200
2025-06,Dockingstation USB-C,Vertrieb Nord,76,87.0,140.0,146.8,65.0,2200
2025-06,Schreibtischlampe LED,Vertrieb Sued,180,185.0,38.0,39.69,14.0,800
2025-10,Webcam HD,Vertrieb Sued,140,131.0,55.0,55.13,22.0,1100
2026-10,Schreibtisch Elektrisch,Vertrieb Nord,18,17.0,650.0,704.39,380.0,8000
2025-11,Monitor 27 Zoll,Vertrieb Ost,60,47.0,280.0,281.54,160.0,4000
2025-11,Monitor 32 Zoll Curved,Vertrieb Ost,24,23.0,480.0,449.99,270.0,5000
2025-05,Schreibtisch Elektrisch,Vertrieb Nord,18,12.0,650.0,701.39,380.0,8000
2025-06,Monitor 32 Zoll Curved,Vertrieb Online,24,24.0,480.0,514.92,270.0,5000
2025-03,Dockingstation USB-C,Vertrieb Nord,76,80.0,140.0,140.59,65.0,2200
2026-09,Tastatur Mechanisch,Vertrieb Ost,100,96.0,95.0,97.52,42.0,1800
2025-03,Buerostuhl Ergonomic,Vertrieb Online,18,,550.0,537.79,290.0,7000
2025-01,Buerostuhl Premium,Vertrieb Ost,30,24.0,350.0,365.89,180.0,6000
2026-08,Monitor 27 Zoll,Vertrieb Sued,60,59.0,280.0,288.61,160.0,4000
2025-06,Buerostuhl Ergonomic,Vertrieb Sued,18,18.0,550.0,549.5,290.0,7000
2026-03,Headset Business,Vertrieb Nord,120,120.0,75.0,85.98,32.0,1600
2026-12,Maus Wireless,Vertrieb Sued,280,270.0,28.0,28.88,10.0,900
2026-11,Monitor 27 Zoll,Vertrieb Nord,60,59.0,280.0,288.75,160.0,4000
2025-05,Buerostuhl Premium,Vertrieb West,30,,350.0,313.13,180.0,6000
2026-07,Schreibtischlampe LED,Vertrieb West,180,193.0,38.0,36.38,14.0,800
2025-02,Headset Business,Vertrieb Ost,120,117.0,75.0,74.52,32.0,1600
2025-08,Monitor 27 Zoll,Vertrieb Sued,60,66.0,280.0,275.38,160.0,4000
2025-09,Buerostuhl Premium,Vertrieb Online,30,33.0,350.0,345.96,180.0,6000
2026-03,Buerostuhl Basic,Vertrieb Nord,80,89.0,120.0,119.44,70.0,3000
2026-12,Headset Business,Vertrieb Nord,120,128.0,75.0,72.44,32.0,1600
2026-07,Schreibtisch Elektrisch,Vertrieb Ost,18,20.0,650.0,671.84,380.0,8000
2025-09,Monitor 27 Zoll,Vertrieb Ost,60,56.0,280.0,273.41,160.0,4000
2025-07,Schreibtisch Fix,Vertrieb Sued,40,37.0,220.0,203.48,110.0,3500
2026-05,Webcam HD,Vertrieb Nord,140,148.0,55.0,55.91,22.0,1100
2025-01,Tastatur Mechanisch,Vertrieb Online,100,92.0,95.0,89.26,42.0,1800
2026-11,Webcam HD,Vertrieb Online,140,135.0,55.0,57.02,22.0,1100
2026-12,Tastatur Wireless,Vertrieb West,240,241.0,45.0,49.72,18.0,1200
2026-09,Buerostuhl Ergonomic,Vertrieb West,18,16.0,550.0,579.54,290.0,7000
2025-02,Buerostuhl Basic,Vertrieb Ost,80,76.0,120.0,122.59,70.0,3000
2025-08,Dockingstation USB-C,Vertrieb Online,76,71.0,140.0,139.41,65.0,2200
2025-10,Buerostuhl Basic,Vertrieb Online,80,102.0,120.0,126.08,70.0,3000
2025-03,Tastatur Wireless,Vertrieb Nord,240,264.0,45.0,47.18,18.0,1200
2026-06,Monitor 24 Zoll,Vertrieb Sued,70,70.0,180.0,195.4,100.0,2500
2026-11,Dockingstation USB-C,Vertrieb Sued,76,81.0,140.0,150.73,65.0,2200
2025-09,Tastatur Wireless,Vertrieb Sued,240,217.0,45.0,44.3,18.0,1200
2026-07,Maus Wireless,Vertrieb Ost,280,296.0,28.0,27.62,10.0,900
2025-06,Schreibtischlampe LED,Vertrieb Ost,180,181.0,38.0,36.25,14.0,800
2025-04,Tastatur Wireless,Vertrieb West,240,220.0,45.0,44.24,18.0,1200
2025-12,Buerostuhl Ergonomic,Vertrieb West,18,17.0,550.0,591.85,290.0,7000
2026-05,Dockingstation USB-C,Vertrieb Online,76,63.0,140.0,142.38,65.0,2200
2025-04,Headset Business,Vertrieb Ost,120,120.0,75.0,72.46,32.0,1600
2025-01,Webcam HD,Vertrieb Ost,140,134.0,55.0,56.03,22.0,1100
2025-02,Monitor 32 Zoll Curved,Vertrieb West,24,20.0,480.0,456.11,270.0,5000
2025-05,Webcam HD,Vertrieb Online,140,130.0,55.0,59.92,22.0,1100
2025-08,Headset Business,Vertrieb Sued,120,110.0,75.0,66.63,32.0,1600
2026-03,Buerostuhl Basic,Vertrieb Online,80,91.0,120.0,119.92,70.0,3000
2025-02,Maus Wireless,Vertrieb Sued,280,301.0,28.0,28.56,10.0,900
2026-11,Monitor 27 Zoll,Vertrieb West,60,57.0,280.0,300.21,160.0,4000
2025-02,Schreibtischlampe LED,Vertrieb Ost,180,187.0,38.0,35.46,14.0,800
2025-02,Tastatur Mechanisch,Vertrieb Online,100,96.0,95.0,100.0,42.0,1800
2025-06,Schreibtischlampe LED,Vertrieb Nord,180,185.0,38.0,35.15,14.0,800
2026-04,Maus Wireless,Vertrieb Sued,280,271.0,28.0,26.68,10.0,900
2026-09,Dockingstation USB-C,Vertrieb Nord,76,,140.0,148.42,65.0,2200
2026-01,Monitor 24 Zoll,Vertrieb Ost,70,68.0,180.0,184.55,100.0,2500
2025-12,Monitor 32 Zoll Curved,Vertrieb West,24,23.0,480.0,452.58,270.0,5000
2025-12,Buerostuhl Ergonomic,Vertrieb Nord,18,17.0,550.0,542.66,290.0,7000
2026-12,Dockingstation USB-C,Vertrieb Sued,76,83.0,140.0,138.28,65.0,2200
2026-01,Schreibtisch Fix,Vertrieb West,40,33.0,220.0,233.56,110.0,3500
2025-08,Monitor 27 Zoll,Vertrieb Ost,60,65.0,280.0,290.79,160.0,4000
2026-02,Tastatur Wireless,Vertrieb West,240,227.0,45.0,44.89,18.0,1200
2026-06,Monitor 32 Zoll Curved,Vertrieb West,24,24.0,480.0,449.61,270.0,5000
2026-06,Tastatur Mechanisch,Vertrieb Nord,100,95.0,95.0,94.43,42.0,1800
2026-03,Tastatur Wireless,Vertrieb West,240,208.0,45.0,45.97,18.0,1200
2025-02,Schreibtisch Elektrisch,Vertrieb West,18,21.0,650.0,582.6,380.0,8000
2026-09,Monitor 24 Zoll,Vertrieb Online,70,59.0,180.0,178.99,100.0,2500
2025-10,Webcam HD,Vertrieb Ost,140,133.0,55.0,57.43,22.0,1100
2025-01,Schreibtisch Elektrisch,Vertrieb Ost,18,16.0,650.0,630.4,380.0,8000
2025-02,Dockingstation USB-C,Vertrieb Sued,76,74.0,140.0,132.16,65.0,2200
2026-03,Schreibtisch Fix,Vertrieb Sued,40,40.0,220.0,220.5,110.0,3500
2025-01,Dockingstation USB-C,Vertrieb Online,76,81.0,140.0,137.48,65.0,2200
2025-06,Webcam HD,Vertrieb Nord,140,122.0,55.0,53.0,22.0,1100
2026-06,Monitor 27 Zoll,Vertrieb Ost,60,73.0,280.0,284.87,160.0,4000
2026-08,Monitor 32 Zoll Curved,Vertrieb Sued,24,24.0,480.0,465.11,270.0,5000
2026-12,Buerostuhl Premium,Vertrieb Nord,30,33.0,350.0,351.33,180.0,6000
2026-12,Schreibtisch Fix,Vertrieb Nord,40,40.0,220.0,224.2,110.0,3500
2025-05,Buerostuhl Ergonomic,Vertrieb Online,18,21.0,550.0,566.31,290.0,7000
2025-05,Buerostuhl Ergonomic,Vertrieb West,18,20.0,550.0,543.88,290.0,7000
2025-01,Tastatur Wireless,Vertrieb Online,240,245.0,45.0,46.2,18.0,1200
2026-10,Headset Business,Vertrieb West,120,110.0,75.0,75.0,32.0,1600
2026-01,Monitor 24 Zoll,Vertrieb Sued,70,72.0,180.0,169.03,100.0,2500
2026-09,Monitor 32 Zoll Curved,Vertrieb Online,24,24.0,480.0,503.62,270.0,5000
2026-04,Schreibtischlampe LED,Vertrieb Nord,180,155.0,38.0,-36.99,14.0,800
2025-09,Schreibtisch Fix,Vertrieb Ost,40,41.0,220.0,216.17,110.0,3500
2026-08,Monitor 27 Zoll,Vertrieb West,60,66.0,280.0,298.05,160.0,4000
2025-06,Maus Wireless,Vertrieb Sued,280,284.0,28.0,33.05,10.0,900
2025-12,Monitor 27 Zoll,Vertrieb Online,60,60.0,280.0,277.98,160.0,4000
2026-10,Monitor 32 Zoll Curved,Vertrieb Online,24,23.0,480.0,506.07,270.0,5000
2026-10,Buerostuhl Premium,Vertrieb Ost,30,30.0,350.0,326.38,180.0,6000
2026-12,Webcam HD,Vertrieb Ost,140,122.0,55.0,53.16,22.0,1100
2026-10,Monitor 24 Zoll,Vertrieb Nord,70,65.0,180.0,184.99,100.0,2500
2026-04,Tastatur Wireless,Vertrieb Ost,240,192.0,45.0,44.7,18.0,1200
2026-06,Buerostuhl Premium,Vertrieb Sued,30,29.0,350.0,337.05,180.0,6000
2025-08,Maus Wireless,Vertrieb Nord,280,,28.0,29.11,10.0,900
2026-03,Headset Business,Vertrieb Online,120,125.0,75.0,71.21,32.0,1600
2025-04,Monitor 24 Zoll,Vertrieb Sued,70,75.0,180.0,177.84,100.0,2500
2026-02,Dockingstation USB-C,Vertrieb Online,76,76.0,140.0,146.57,65.0,2200
2025-01,Schreibtischlampe LED,Vertrieb Online,180,179.0,38.0,39.16,14.0,800
2025-08,Tastatur Mechanisch,Vertrieb Online,100,105.0,95.0,94.83,42.0,1800
2025-10,Tastatur Wireless,Vertrieb Nord,240,234.0,45.0,45.12,18.0,1200
2026-10,Dockingstation USB-C,Vertrieb West,76,83.0,140.0,143.52,65.0,2200
2025-12,Monitor 27 Zoll,Vertrieb Sued,60,57.0,280.0,276.24,160.0,4000
2026-11,Tastatur Wireless,Vertrieb West,240,206.0,45.0,44.42,18.0,1200
2025-02,Buerostuhl Ergonomic,Vertrieb Ost,18,20.0,550.0,527.95,290.0,7000
2025-05,Schreibtischlampe LED,Vertrieb Nord,180,174.0,38.0,40.86,14.0,800
2026-05,Schreibtisch Fix,Vertrieb Online,40,39.0,220.0,229.39,110.0,3500
2025-04,Tastatur Wireless,Vertrieb Nord,240,222.0,45.0,41.33,18.0,1200
2025-06,Tastatur Wireless,Vertrieb Sued,240,245.0,45.0,43.49,18.0,1200
2025-10,Schreibtischlampe LED,Vertrieb West,180,162.0,38.0,38.69,14.0,800
2026-11,Monitor 32 Zoll Curved,Vertrieb Nord,24,,480.0,461.34,270.0,5000
2025-06,Schreibtisch Elektrisch,Vertrieb Sued,18,16.0,650.0,719.42,380.0,8000
2026-10,Monitor 24 Zoll,Vertrieb Ost,70,73.0,180.0,178.7,100.0,2500
2026-02,Dockingstation USB-C,Vertrieb West,76,70.0,140.0,134.02,65.0,2200
2026-04,Schreibtisch Elektrisch,Vertrieb West,18,18.0,650.0,633.1,380.0,8000
2025-12,Schreibtischlampe LED,Vertrieb Nord,180,163.0,38.0,41.15,14.0,800
2026-06,Maus Wireless,Vertrieb Sued,280,357.0,28.0,-30.28,10.0,900
2025-09,Buerostuhl Premium,Vertrieb Ost,30,29.0,350.0,357.17,180.0,6000
2026-12,Buerostuhl Premium,Vertrieb Ost,30,32.0,350.0,319.71,180.0,6000
2026-01,Headset Business,Vertrieb Sued,120,123.0,75.0,79.11,32.0,1600
2026-03,Tastatur Mechanisch,Vertrieb Ost,100,95.0,95.0,92.19,42.0,1800
2025-04,Schreibtisch Elektrisch,Vertrieb Online,18,17.0,650.0,640.7,380.0,8000
2026-07,Webcam HD,Vertrieb Nord,140,,55.0,53.48,22.0,1100
2026-02,Monitor 32 Zoll Curved,Vertrieb Ost,24,24.0,480.0,476.88,270.0,5000
2026-08,Buerostuhl Premium,Vertrieb Ost,30,33.0,350.0,343.32,180.0,6000
2025-10,Headset Business,Vertrieb West,120,138.0,75.0,75.24,32.0,1600
2026-10,Monitor 27 Zoll,Vertrieb Nord,60,49.0,280.0,257.68,160.0,4000
2025-12,Tastatur Mechanisch,Vertrieb Ost,100,90.0,95.0,94.89,42.0,1800
2026-09,Buerostuhl Ergonomic,Vertrieb Online,18,16.0,550.0,526.64,290.0,7000
2026-07,Schreibtisch Fix,Vertrieb Ost,40,41.0,220.0,199.58,110.0,3500
2025-02,Schreibtischlampe LED,Vertrieb West,180,8370.0,38.0,40.32,14.0,800
2025-06,Tastatur Wireless,Vertrieb Online,240,285.0,45.0,45.62,18.0,1200
2026-09,Schreibtisch Fix,Vertrieb West,40,44.0,220.0,205.26,110.0,3500
2025-12,Buerostuhl Basic,Vertrieb West,80,74.0,120.0,119.98,70.0,3000
2026-05,Maus Wireless,Vertrieb Online,280,265.0,28.0,30.36,10.0,900
2026-05,Tastatur Wireless,Vertrieb Nord,240,256.0,45.0,46.9,18.0,1200
2025-03,Monitor 32 Zoll Curved,Vertrieb Online,24,27.0,480.0,464.16,270.0,5000
2025-12,Headset Business,Vertrieb West,120,122.0,75.0,73.17,32.0,1600
2026-03,Monitor 32 Zoll Curved,Vertrieb Online,24,23.0,480.0,499.34,270.0,5000
2025-07,Headset Business,Vertrieb Nord,120,114.0,75.0,64.11,32.0,1600
2026-06,Buerostuhl Basic,Vertrieb Online,80,82.0,120.0,117.07,70.0,3000
2025-09,Webcam HD,Vertrieb West,140,136.0,55.0,54.65,22.0,1100
2025-08,Headset Business,Vertrieb Nord,120,132.0,75.0,77.86,32.0,1600
2025-03,Monitor 24 Zoll,Vertrieb West,70,85.0,180.0,180.13,100.0,2500
2025-08,Monitor 24 Zoll,Vertrieb Ost,70,65.0,180.0,172.18,100.0,2500
2025-03,Webcam HD,Vertrieb Online,140,167.0,55.0,55.9,22.0,1100
2025-05,Monitor 27 Zoll,Vertrieb Online,60,64.0,280.0,275.73,160.0,4000
2026-01,Headset Business,Vertrieb Ost,120,125.0,75.0,81.36,32.0,1600
2026-05,Buerostuhl Basic,Vertrieb Ost,80,84.0,120.0,130.56,70.0,3000
2025-02,Buerostuhl Premium,Vertrieb Ost,30,25.0,350.0,313.61,180.0,6000
2025-04,Webcam HD,Vertrieb Online,140,155.0,55.0,59.09,22.0,1100
2026-07,Tastatur Mechanisch,Vertrieb Nord,100,101.0,95.0,97.55,42.0,1800
2025-10,Maus Wireless,Vertrieb Nord,280,297.0,28.0,26.1,10.0,900
2026-02,Schreibtisch Fix,Vertrieb Nord,40,40.0,220.0,215.78,110.0,3500
2026-06,Buerostuhl Basic,Vertrieb Ost,80,79.0,120.0,129.74,70.0,3000
2025-08,Webcam HD,Vertrieb Ost,140,155.0,55.0,58.37,22.0,1100
2026-09,Headset Business,Vertrieb West,120,138.0,75.0,75.15,32.0,1600
2026-11,Monitor 24 Zoll,Vertrieb West,70,64.0,180.0,176.66,100.0,2500
2026-10,Monitor 24 Zoll,Vertrieb Sued,70,59.0,180.0,178.85,100.0,2500
2026-08,Schreibtisch Fix,Vertrieb Online,40,37.0,220.0,198.29,110.0,3500
2026-05,Headset Business,Vertrieb Online,120,93.0,75.0,82.34,32.0,1600
2025-06,Monitor 32 Zoll Curved,Vertrieb West,24,1071.0,480.0,447.2,270.0,5000
2026-04,Schreibtischlampe LED,Vertrieb West,180,170.0,38.0,37.41,14.0,800
2025-12,Schreibtisch Elektrisch,Vertrieb Ost,18,18.0,650.0,638.88,380.0,8000
2025-01,Schreibtisch Elektrisch,Vertrieb Online,18,18.0,650.0,635.91,380.0,8000
2026-12,Schreibtisch Fix,Vertrieb West,40,36.0,220.0,215.48,110.0,3500
2026-11,Schreibtischlampe LED,Vertrieb Online,180,182.0,38.0,37.93,14.0,800
2026-05,Monitor 24 Zoll,Vertrieb Ost,70,62.0,180.0,166.68,100.0,2500
2026-02,Tastatur Wireless,Vertrieb Nord,240,239.0,45.0,42.08,18.0,1200
2025-09,Schreibtisch Elektrisch,Vertrieb Nord,18,17.0,650.0,619.43,380.0,8000
2026-08,Buerostuhl Basic,Vertrieb Sued,80,71.0,120.0,119.79,70.0,3000
2025-09,Dockingstation USB-C,Vertrieb Nord,76,80.0,140.0,149.11,65.0,2200
2025-08,Buerostuhl Ergonomic,Vertrieb Sued,18,17.0,550.0,533.59,290.0,7000
2025-11,Monitor 32 Zoll Curved,Vertrieb Nord,24,26.0,480.0,468.8,270.0,5000
2026-02,Monitor 32 Zoll Curved,Vertrieb Nord,24,23.0,480.0,504.83,270.0,5000
2025-10,Schreibtisch Fix,Vertrieb Sued,40,36.0,220.0,228.76,110.0,3500
2025-01,Buerostuhl Ergonomic,Vertrieb Nord,18,18.0,550.0,503.27,290.0,7000
2026-01,Headset Business,Vertrieb Online,120,115.0,75.0,76.16,32.0,1600
2025-08,Buerostuhl Ergonomic,Vertrieb West,18,12.0,550.0,504.73,290.0,7000
2025-01,Maus Wireless,Vertrieb Online,280,246.0,28.0,29.43,10.0,900
2025-07,Maus Wireless,Vertrieb Ost,280,314.0,28.0,30.07,10.0,900
2026-07,Buerostuhl Ergonomic,Vertrieb Ost,18,18.0,550.0,577.17,290.0,7000
2025-12,Tastatur Wireless,Vertrieb Online,240,251.0,45.0,43.0,18.0,1200
2026-05,Dockingstation USB-C,Vertrieb Sued,76,78.0,140.0,147.24,65.0,2200
2025-06,Buerostuhl Basic,Vertrieb Nord,80,71.0,120.0,119.81,70.0,3000
2026-12,Webcam HD,Vertrieb Sued,140,153.0,55.0,53.74,22.0,1100
2026-03,Buerostuhl Premium,Vertrieb Online,30,26.0,350.0,345.4,180.0,6000
2025-05,Monitor 32 Zoll Curved,Vertrieb Online,24,22.0,480.0,478.58,270.0,5000
2025-07,Tastatur Wireless,Vertrieb West,240,269.0,45.0,46.8,18.0,1200
2025-06,Monitor 32 Zoll Curved,Vertrieb Ost,24,21.0,480.0,473.37,270.0,5000
2025-07,Dockingstation USB-C,Vertrieb Sued,76,93.0,140.0,142.91,65.0,2200
2025-04,Dockingstation USB-C,Vertrieb Sued,76,70.0,140.0,125.79,65.0,2200
2025-11,Monitor 27 Zoll,Vertrieb Sued,60,63.0,280.0,291.03,160.0,4000
2025-11,Schreibtisch Fix,Vertrieb Sued,40,42.0,220.0,235.81,110.0,3500
2026-11,Maus Wireless,Vertrieb Sued,280,,28.0,27.22,10.0,900
2025-02,Buerostuhl Premium,Vertrieb Online,30,32.0,350.0,370.46,180.0,6000
2025-07,Headset Business,Vertrieb Ost,120,121.0,75.0,77.7,32.0,1600
2026-08,Schreibtischlampe LED,Vertrieb West,180,187.0,38.0,36.94,14.0,800
2025-04,Headset Business,Vertrieb Sued,120,136.0,75.0,77.33,32.0,1600
2026-08,Tastatur Mechanisch,Vertrieb Nord,100,91.0,95.0,99.77,42.0,1800
2025-07,Buerostuhl Premium,Vertrieb Ost,30,,350.0,320.74,180.0,6000
2025-11,Dockingstation USB-C,Vertrieb Nord,76,71.0,140.0,143.15,65.0,2200
2026-10,Schreibtisch Fix,Vertrieb Ost,40,39.0,220.0,224.79,110.0,3500
2026-12,Buerostuhl Ergonomic,Vertrieb Online,18,15.0,550.0,529.73,290.0,7000
2026-09,Webcam HD,Vertrieb Sued,140,117.0,55.0,58.02,22.0,1100
2026-12,Tastatur Wireless,Vertrieb Online,240,237.0,45.0,47.85,18.0,1200
2025-10,Buerostuhl Premium,Vertrieb Online,30,30.0,350.0,356.1,180.0,6000
2025-02,Monitor 24 Zoll,Vertrieb West,70,79.0,180.0,177.4,100.0,2500
2025-07,Buerostuhl Basic,Vertrieb Sued,80,68.0,120.0,123.41,70.0,3000
2025-12,Monitor 32 Zoll Curved,Vertrieb Online,24,22.0,480.0,477.27,270.0,5000
2025-05,Schreibtisch Fix,Vertrieb Ost,40,36.0,220.0,207.27,110.0,3500
2025-06,Headset Business,Vertrieb Ost,120,139.0,75.0,74.81,32.0,1600
2025-05,Monitor 27 Zoll,Vertrieb Sued,60,59.0,280.0,311.36,160.0,4000
2026-01,Buerostuhl Ergonomic,Vertrieb Online,18,21.0,550.0,513.69,290.0,7000
2025-07,Schreibtisch Elektrisch,Vertrieb Nord,18,16.0,650.0,652.76,380.0,8000
2026-07,Buerostuhl Ergonomic,Vertrieb Sued,18,19.0,550.0,517.69,290.0,7000
2026-03,Schreibtisch Fix,Vertrieb Online,40,33.0,220.0,233.02,110.0,3500
2025-03,Headset Business,Vertrieb Online,120,108.0,75.0,75.31,32.0,1600
2026-11,Schreibtischlampe LED,Vertrieb Nord,180,170.0,38.0,38.77,14.0,800
2026-05,Schreibtischlampe LED,Vertrieb Online,180,194.0,38.0,37.48,14.0,800
2025-12,Tastatur Mechanisch,Vertrieb Sued,100,86.0,95.0,90.09,42.0,1800
2025-03,Schreibtisch Elektrisch,Vertrieb Nord,18,18.0,650.0,712.56,380.0,8000
2026-01,Monitor 27 Zoll,Vertrieb Nord,60,61.0,280.0,290.14,160.0,4000
2025-01,Buerostuhl Basic,Vertrieb Sued,80,73.0,120.0,110.42,70.0,3000
2026-07,Dockingstation USB-C,Vertrieb Ost,76,,140.0,135.8,65.0,2200
2026-04,Monitor 27 Zoll,Vertrieb Nord,60,66.0,280.0,257.34,160.0,4000
2025-10,Monitor 24 Zoll,Vertrieb Sued,70,74.0,180.0,185.67,100.0,2500
2025-09,Monitor 32 Zoll Curved,Vertrieb Nord,24,22.0,480.0,464.78,270.0,5000
2025-09,Monitor 32 Zoll Curved,Vertrieb Sued,24,19.0,480.0,525.78,270.0,5000
2025-10,Monitor 27 Zoll,Vertrieb Online,60,62.0,280.0,287.06,160.0,4000
2026-07,Dockingstation USB-C,Vertrieb West,76,77.0,140.0,133.38,65.0,2200
2026-02,Monitor 32 Zoll Curved,Vertrieb West,24,21.0,480.0,491.93,270.0,5000
2026-02,Maus Wireless,Vertrieb West,280,294.0,28.0,29.89,10.0,900
2025-05,Schreibtischlampe LED,Vertrieb West,180,185.0,38.0,38.62,14.0,800
2026-01,Tastatur Wireless,Vertrieb West,240,226.0,45.0,48.16,18.0,1200
2026-12,Schreibtisch Fix,Vertrieb Online,40,35.0,220.0,214.8,110.0,3500
2025-01,Buerostuhl Premium,Vertrieb West,30,29.0,350.0,339.35,180.0,6000
2026-04,Buerostuhl Premium,Vertrieb Online,30,28.0,350.0,351.99,180.0,6000
2026-09,Maus Wireless,Vertrieb Ost,280,297.0,28.0,29.26,10.0,900
2025-03,Tastatur Mechanisch,Vertrieb Sued,100,103.0,95.0,99.09,42.0,1800
2025-10,Buerostuhl Premium,Vertrieb West,30,28.0,350.0,335.81,180.0,6000
2025-06,Monitor 32 Zoll Curved,Vertrieb Sued,24,27.0,480.0,501.24,270.0,5000
2025-09,Webcam HD,Vertrieb Online,140,159.0,55.0,57.16,22.0,1100
2026-03,Maus Wireless,Vertrieb Nord,280,270.0,28.0,27.86,10.0,900
2026-04,Schreibtischlampe LED,Vertrieb Sued,180,156.0,38.0,38.18,14.0,800
2026-12,Tastatur Mechanisch,Vertrieb Ost,100,115.0,95.0,90.96,42.0,1800
2025-11,Schreibtisch Elektrisch,Vertrieb Sued,18,17.0,650.0,629.02,380.0,8000
2025-09,Webcam HD,Vertrieb Nord,140,151.0,55.0,52.29,22.0,1100
2025-01,Tastatur Mechanisch,Vertrieb Nord,100,101.0,95.0,96.89,42.0,1800
2025-06,Schreibtisch Elektrisch,Vertrieb Ost,18,18.0,650.0,616.66,380.0,8000
2025-01,Monitor 27 Zoll,Vertrieb Online,60,62.0,280.0,281.33,160.0,4000
2025-08,Tastatur Mechanisch,Vertrieb Nord,100,108.0,95.0,100.5,42.0,1800
2025-08,Monitor 32 Zoll Curved,Vertrieb Online,24,25.0,480.0,493.31,270.0,5000
2026-07,Monitor 24 Zoll,Vertrieb Ost,70,75.0,180.0,187.79,100.0,2500
2025-10,Schreibtisch Fix,Vertrieb Online,40,42.0,220.0,215.17,110.0,3500
2026-02,Schreibtischlampe LED,Vertrieb Nord,180,164.0,38.0,41.39,14.0,800
2026-11,Maus Wireless,Vertrieb Online,280,279.0,28.0,30.51,10.0,900
2025-10,Schreibtisch Elektrisch,Vertrieb Sued,18,18.0,650.0,685.53,380.0,8000
2025-04,Monitor 32 Zoll Curved,Vertrieb Nord,24,27.0,480.0,512.57,270.0,5000
2026-02,Schreibtischlampe LED,Vertrieb West,180,207.0,38.0,41.17,14.0,800
2026-01,Webcam HD,Vertrieb Online,140,144.0,55.0,51.03,22.0,1100
2025-09,Schreibtischlampe LED,Vertrieb Ost,180,186.0,38.0,38.61,14.0,800
2026-05,Buerostuhl Basic,Vertrieb Online,80,75.0,120.0,125.17,70.0,3000
2025-01,Dockingstation USB-C,Vertrieb Nord,76,76.0,140.0,147.51,65.0,2200
2026-04,Tastatur Mechanisch,Vertrieb Sued,100,83.0,95.0,94.9,42.0,1800
2026-09,Tastatur Mechanisch,Vertrieb Nord,100,91.0,95.0,93.89,42.0,1800
2026-11,Buerostuhl Premium,Vertrieb Online,30,29.0,350.0,374.87,180.0,6000
2026-04,Buerostuhl Basic,Vertrieb Sued,80,89.0,120.0,115.1,70.0,3000
2026-05,Buerostuhl Ergonomic,Vertrieb West,18,18.0,550.0,549.67,290.0,7000
2025-02,Webcam HD,Vertrieb Online,140,157.0,55.0,54.54,22.0,1100
2026-07,Buerostuhl Ergonomic,Vertrieb Nord,18,20.0,550.0,601.94,290.0,7000
2026-06,Buerostuhl Premium,Vertrieb Nord,30,36.0,350.0,392.48,180.0,6000
2025-01,Monitor 24 Zoll,Vertrieb Online,70,73.0,180.0,186.44,100.0,2500
2026-07,Schreibtischlampe LED,Vertrieb Ost,180,182.0,38.0,39.39,14.0,800
2026-05,Tastatur Wireless,Vertrieb Online,240,227.0,45.0,41.39,18.0,1200
2025-06,Maus Wireless,Vertrieb West,280,264.0,28.0,27.7,10.0,900
2026-08,Maus Wireless,Vertrieb Nord,280,290.0,28.0,29.26,10.0,900
2026-08,Schreibtisch Elektrisch,Vertrieb Ost,18,16.0,650.0,599.44,380.0,8000
2026-03,Monitor 27 Zoll,Vertrieb Nord,60,56.0,280.0,269.03,160.0,4000
2025-01,Monitor 32 Zoll Curved,Vertrieb Sued,24,23.0,480.0,485.17,270.0,5000
2026-09,Monitor 24 Zoll,Vertrieb Nord,70,77.0,180.0,182.28,100.0,2500
2026-07,Monitor 24 Zoll,Vertrieb Nord,70,67.0,180.0,180.03,100.0,2500
2025-06,Tastatur Mechanisch,Vertrieb Sued,100,117.0,95.0,95.12,42.0,1800
2025-06,Buerostuhl Ergonomic,Vertrieb Online,18,18.0,550.0,546.03,290.0,7000
2025-09,Monitor 32 Zoll Curved,Vertrieb Online,24,22.0,480.0,506.76,270.0,5000
2026-12,Monitor 32 Zoll Curved,Vertrieb Nord,24,20.0,480.0,432.83,270.0,5000
2026-11,Dockingstation USB-C,Vertrieb Ost,76,65.0,140.0,155.13,65.0,2200
2026-11,Headset Business,Vertrieb West,120,108.0,75.0,77.9,32.0,1600
2025-01,Webcam HD,Vertrieb Nord,140,153.0,55.0,57.21,22.0,1100
2026-06,Tastatur Mechanisch,Vertrieb Ost,100,104.0,95.0,87.41,42.0,1800
2026-02,Monitor 24 Zoll,Vertrieb Sued,70,70.0,180.0,181.59,100.0,2500
2025-02,Schreibtisch Fix,Vertrieb Online,40,38.0,220.0,229.95,110.0,3500
2025-08,Schreibtisch Fix,Vertrieb Ost,40,39.0,220.0,230.91,110.0,3500
2025-11,Monitor 32 Zoll Curved,Vertrieb Sued,24,20.0,480.0,441.32,270.0,5000
2026-11,Buerostuhl Premium,Vertrieb Sued,30,31.0,350.0,331.95,180.0,6000
2026-02,Schreibtischlampe LED,Vertrieb Sued,180,189.0,38.0,38.04,14.0,800
2026-02,Schreibtisch Elektrisch,Vertrieb Ost,18,18.0,650.0,609.9,380.0,8000
2026-05,Schreibtisch Elektrisch,Vertrieb West,18,18.0,650.0,614.47,380.0,8000
2026-06,Buerostuhl Basic,Vertrieb Sued,80,79.0,120.0,106.75,70.0,3000
2025-04,Webcam HD,Vertrieb West,140,153.0,55.0,53.94,22.0,1100
2026-11,Dockingstation USB-C,Vertrieb West,76,67.0,140.0,150.27,65.0,2200
2026-12,Buerostuhl Basic,Vertrieb Ost,80,78.0,120.0,124.92,70.0,3000
2026-01,Buerostuhl Ergonomic,Vertrieb Nord,18,18.0,550.0,569.6,290.0,7000
2025-03,Schreibtisch Fix,Vertrieb West,40,38.0,220.0,245.06,110.0,3500
2026-06,Tastatur Wireless,Vertrieb Sued,240,228.0,45.0,41.3,18.0,1200
2025-08,Schreibtischlampe LED,Vertrieb Sued,180,222.0,38.0,37.69,14.0,800
2025-11,Monitor 24 Zoll,Vertrieb Online,70,75.0,180.0,179.35,100.0,2500
2026-05,Webcam HD,Vertrieb West,140,129.0,55.0,50.0,22.0,1100
2026-10,Dockingstation USB-C,Vertrieb Nord,76,89.0,140.0,132.38,65.0,2200
2025-01,Webcam HD,Vertrieb Online,140,137.0,55.0,54.63,22.0,1100
2026-02,Buerostuhl Premium,Vertrieb Ost,30,31.0,350.0,358.83,180.0,6000
2026-02,Tastatur Wireless,Vertrieb Sued,240,235.0,45.0,44.35,18.0,1200
2025-04,Monitor 27 Zoll,Vertrieb Sued,60,55.0,280.0,286.78,160.0,4000
2025-05,Tastatur Mechanisch,Vertrieb Nord,100,100.0,95.0,91.59,42.0,1800
2025-05,Schreibtisch Fix,Vertrieb West,40,43.0,220.0,230.18,110.0,3500
2026-02,Monitor 24 Zoll,Vertrieb Ost,70,66.0,180.0,187.32,100.0,2500
2026-03,Dockingstation USB-C,Vertrieb Sued,76,66.0,140.0,149.94,65.0,2200
2025-06,Buerostuhl Premium,Vertrieb West,30,30.0,350.0,360.98,180.0,6000
2026-09,Maus Wireless,Vertrieb West,280,324.0,28.0,29.56,10.0,900
2025-08,Monitor 27 Zoll,Vertrieb Online,60,56.0,280.0,256.3,160.0,4000
2026-06,Schreibtisch Elektrisch,Vertrieb Nord,18,17.0,650.0,715.01,380.0,8000
2025-03,Tastatur Wireless,Vertrieb Online,240,279.0,45.0,47.46,18.0,1200
2025-07,Monitor 24 Zoll,Vertrieb Online,70,71.0,180.0,183.11,100.0,2500
2026-01,Maus Wireless,Vertrieb West,280,277.0,28.0,27.87,10.0,900
2026-12,Buerostuhl Ergonomic,Vertrieb West,18,16.0,550.0,567.47,290.0,7000
2025-04,Tastatur Mechanisch,Vertrieb Nord,100,97.0,95.0,94.07,42.0,1800
2026-02,Buerostuhl Premium,Vertrieb West,30,31.0,350.0,354.28,180.0,6000
2026-02,Buerostuhl Premium,Vertrieb Nord,30,27.0,350.0,351.41,180.0,6000
2025-07,Monitor 24 Zoll,Vertrieb West,70,58.0,180.0,171.24,100.0,2500
2025-08,Buerostuhl Ergonomic,Vertrieb Nord,18,16.0,550.0,543.46,290.0,7000
2026-07,Tastatur Wireless,Vertrieb Online,240,287.0,45.0,40.49,18.0,1200
2025-06,Schreibtischlampe LED,Vertrieb Online,180,198.0,38.0,39.54,14.0,800
2026-04,Buerostuhl Premium,Vertrieb Nord,30,32.0,350.0,375.52,180.0,6000
2025-12,Buerostuhl Basic,Vertrieb Sued,80,80.0,120.0,128.87,70.0,3000
2025-03,Schreibtisch Elektrisch,Vertrieb Ost,18,17.0,650.0,590.73,380.0,8000
2025-10,Buerostuhl Basic,Vertrieb Nord,80,58.0,120.0,127.53,70.0,3000
2025-10,Buerostuhl Ergonomic,Vertrieb West,18,16.0,550.0,538.71,290.0,7000
2026-05,Buerostuhl Premium,Vertrieb Sued,30,29.0,350.0,360.99,180.0,6000
2025-02,Buerostuhl Ergonomic,Vertrieb Online,18,18.0,550.0,517.16,290.0,7000
2025-11,Webcam HD,Vertrieb Online,140,132.0,55.0,54.51,22.0,1100
2025-02,Monitor 24 Zoll,Vertrieb Online,70,62.0,180.0,158.95,100.0,2500
2026-07,Tastatur Wireless,Vertrieb Sued,240,246.0,45.0,47.51,18.0,1200
2025-09,Headset Business,Vertrieb Ost,120,115.0,75.0,75.04,32.0,1600
2025-04,Schreibtisch Fix,Vertrieb Ost,40,45.0,220.0,201.67,110.0,3500
2025-02,Schreibtisch Fix,Vertrieb Nord,40,36.0,220.0,213.17,110.0,3500
2026-02,Dockingstation USB-C,Vertrieb Nord,76,90.0,140.0,141.08,65.0,2200
2025-09,Buerostuhl Ergonomic,Vertrieb Ost,18,19.0,550.0,519.33,290.0,7000
2026-04,Buerostuhl Basic,Vertrieb Ost,80,86.0,120.0,111.26,70.0,3000
2026-08,Headset Business,Vertrieb West,120,116.0,75.0,76.59,32.0,1600
2025-12,Schreibtischlampe LED,Vertrieb Ost,180,175.0,38.0,35.31,14.0,800
2025-10,Schreibtisch Fix,Vertrieb Nord,40,42.0,220.0,221.41,110.0,3500
2026-09,Dockingstation USB-C,Vertrieb West,76,86.0,140.0,136.37,65.0,2200
2026-04,Schreibtisch Fix,Vertrieb Online,40,34.0,220.0,232.09,110.0,3500
2026-09,Headset Business,Vertrieb Ost,120,122.0,75.0,83.65,32.0,1600
2026-06,Schreibtisch Elektrisch,Vertrieb Online,18,19.0,650.0,645.85,380.0,8000
2025-11,Schreibtisch Fix,Vertrieb West,40,38.0,220.0,207.07,110.0,3500
2025-10,Schreibtischlampe LED,Vertrieb Online,180,184.0,38.0,37.86,14.0,800
2025-08,Schreibtisch Fix,Vertrieb Nord,40,34.0,220.0,222.1,110.0,3500
2026-11,Tastatur Mechanisch,Vertrieb West,100,,95.0,92.0,42.0,1800
2026-09,Buerostuhl Premium,Vertrieb Nord,30,32.0,350.0,343.08,180.0,6000
2025-02,Dockingstation USB-C,Vertrieb Online,76,81.0,140.0,137.95,65.0,2200
2026-08,Buerostuhl Ergonomic,Vertrieb Online,18,18.0,550.0,549.74,290.0,7000
2026-03,Schreibtisch Elektrisch,Vertrieb Online,18,,650.0,659.11,380.0,8000
2025-08,Schreibtischlampe LED,Vertrieb Online,180,206.0,38.0,39.43,14.0,800
2026-07,Maus Wireless,Vertrieb Online,280,308.0,28.0,28.95,10.0,900
2025-11,Tastatur Wireless,Vertrieb Ost,240,210.0,45.0,45.23,18.0,1200
2025-05,Maus Wireless,Vertrieb Nord,280,246.0,28.0,26.77,10.0,900
2025-02,Tastatur Mechanisch,Vertrieb West,100,102.0,95.0,100.49,42.0,1800
2026-10,Webcam HD,Vertrieb West,140,146.0,55.0,52.03,22.0,1100
2026-03,Monitor 27 Zoll,Vertrieb Ost,60,54.0,280.0,265.44,160.0,4000
2026-01,Monitor 32 Zoll Curved,Vertrieb Sued,24,24.0,480.0,434.26,270.0,5000
2026-07,Monitor 24 Zoll,Vertrieb Online,70,82.0,180.0,187.47,100.0,2500
2026-06,Tastatur Wireless,Vertrieb Online,240,259.0,45.0,47.92,18.0,1200
2026-11,Buerostuhl Premium,Vertrieb Nord,30,35.0,350.0,338.53,180.0,6000
2025-07,Buerostuhl Basic,Vertrieb Ost,80,84.0,120.0,125.52,70.0,3000
2026-12,Headset Business,Vertrieb Sued,120,120.0,75.0,72.43,32.0,1600
2025-07,Tastatur Wireless,Vertrieb Ost,240,250.0,45.0,41.24,18.0,1200
2025-07,Buerostuhl Premium,Vertrieb West,30,26.0,350.0,383.19,180.0,6000
2025-05,Monitor 24 Zoll,Vertrieb Nord,70,86.0,180.0,188.7,100.0,2500
2025-12,Monitor 32 Zoll Curved,Vertrieb Sued,24,25.0,480.0,452.44,270.0,5000
2026-10,Buerostuhl Ergonomic,Vertrieb Nord,18,15.0,550.0,539.61,290.0,7000
2025-11,Tastatur Wireless,Vertrieb West,240,270.0,45.0,46.39,18.0,1200
2025-07,Schreibtisch Fix,Vertrieb Online,40,44.0,220.0,209.59,110.0,3500
2025-07,Monitor 32 Zoll Curved,Vertrieb West,24,24.0,480.0,488.36,270.0,5000
2026-02,Buerostuhl Premium,Vertrieb Online,30,34.0,350.0,337.83,180.0,6000
2026-06,Monitor 32 Zoll Curved,Vertrieb Sued,24,22.0,480.0,502.17,270.0,5000
2026-10,Dockingstation USB-C,Vertrieb Sued,76,87.0,140.0,139.79,65.0,2200
2025-08,Schreibtisch Fix,Vertrieb Online,40,38.0,220.0,234.24,110.0,3500
2025-10,Headset Business,Vertrieb Ost,120,125.0,75.0,74.14,32.0,1600
2025-11,Headset Business,Vertrieb Nord,120,112.0,75.0,81.78,32.0,1600
2025-10,Buerostuhl Ergonomic,Vertrieb Sued,18,16.0,550.0,556.24,290.0,7000
2026-08,Buerostuhl Premium,Vertrieb West,30,30.0,350.0,349.33,180.0,6000
2025-03,Buerostuhl Basic,Vertrieb Ost,80,88.0,120.0,116.16,70.0,3000
2026-01,Tastatur Wireless,Vertrieb Nord,240,227.0,45.0,46.55,18.0,1200
2025-11,Buerostuhl Basic,Vertrieb West,80,87.0,120.0,129.94,70.0,3000
2026-05,Monitor 24 Zoll,Vertrieb Sued,70,72.0,180.0,170.43,100.0,2500
2026-02,Tastatur Mechanisch,Vertrieb Ost,100,104.0,95.0,105.5,42.0,1800
2026-02,Buerostuhl Basic,Vertrieb Sued,80,84.0,120.0,127.12,70.0,3000
2026-06,Webcam HD,Vertrieb Nord,140,133.0,55.0,56.4,22.0,1100
2026-04,Schreibtisch Elektrisch,Vertrieb Online,18,19.0,650.0,586.72,380.0,8000
2026-06,Maus Wireless,Vertrieb West,280,320.0,28.0,28.52,10.0,900
2026-03,Maus Wireless,Vertrieb West,280,331.0,28.0,30.06,10.0,900
2026-12,Monitor 24 Zoll,Vertrieb Sued,70,76.0,180.0,187.48,100.0,2500
2025-01,Monitor 27 Zoll,Vertrieb Sued,60,63.0,280.0,272.44,160.0,4000
2025-09,Monitor 27 Zoll,Vertrieb Nord,60,54.0,280.0,264.21,160.0,4000
2025-01,Monitor 32 Zoll Curved,Vertrieb Online,24,23.0,480.0,489.98,270.0,5000
2026-11,Schreibtischlampe LED,Vertrieb West,180,152.0,38.0,36.81,14.0,800
2026-08,Schreibtisch Fix,Vertrieb Sued,40,38.0,220.0,200.71,110.0,3500
2025-03,Dockingstation USB-C,Vertrieb Ost,76,77.0,140.0,136.87,65.0,2200
2026-01,Tastatur Mechanisch,Vertrieb Ost,100,91.0,95.0,94.81,42.0,1800
2025-07,Schreibtisch Elektrisch,Vertrieb Online,18,18.0,650.0,613.09,380.0,8000
2026-09,Tastatur Wireless,Vertrieb Sued,240,275.0,45.0,48.97,18.0,1200
2026-10,Maus Wireless,Vertrieb Nord,280,225.0,28.0,28.17,10.0,900
2026-11,Monitor 27 Zoll,Vertrieb Ost,60,57.0,280.0,291.13,160.0,4000
2025-03,Schreibtisch Fix,Vertrieb Nord,40,40.0,220.0,226.72,110.0,3500
2025-12,Maus Wireless,Vertrieb Ost,280,258.0,28.0,27.04,10.0,900
2026-10,Schreibtisch Fix,Vertrieb Online,40,45.0,220.0,217.5,110.0,3500
2025-03,Webcam HD,Vertrieb Sued,140,152.0,55.0,56.58,22.0,1100
2026-10,Maus Wireless,Vertrieb Sued,280,245.0,28.0,29.52,10.0,900
2026-09,Schreibtisch Elektrisch,Vertrieb Sued,18,15.0,650.0,583.91,380.0,8000
2025-08,Tastatur Wireless,Vertrieb Nord,240,241.0,45.0,44.51,18.0,1200
2025-04,Headset Business,Vertrieb Online,120,145.0,75.0,66.37,32.0,1600
2026-08,Schreibtischlampe LED,Vertrieb Online,180,221.0,38.0,39.72,14.0,800
2025-11,Maus Wireless,Vertrieb Nord,280,272.0,28.0,28.86,10.0,900
2026-10,Schreibtischlampe LED,Vertrieb Nord,180,195.0,38.0,41.63,14.0,800
2026-12,Monitor 27 Zoll,Vertrieb West,60,58.0,280.0,263.73,160.0,4000
2026-12,Monitor 27 Zoll,Vertrieb Sued,60,66.0,280.0,277.83,160.0,4000
2026-11,Buerostuhl Premium,Vertrieb Nord,30,35.0,350.0,338.53,180.0,6000
2025-07,Schreibtisch Elektrisch,Vertrieb Ost,18,16.0,650.0,693.29,380.0,8000
2026-07,Monitor 27 Zoll,Vertrieb Nord,60,62.0,280.0,276.79,160.0,4000
2025-06,Monitor 24 Zoll,Vertrieb Online,70,68.0,180.0,177.56,100.0,2500
2026-08,Headset Business,Vertrieb Nord,120,118.0,75.0,71.75,32.0,1600
2025-03,Headset Business,Vertrieb Ost,120,126.0,75.0,78.86,32.0,1600
2026-03,Monitor 27 Zoll,Vertrieb Online,60,56.0,280.0,296.45,160.0,4000
2025-04,Buerostuhl Premium,Vertrieb Sued,30,32.0,350.0,344.87,180.0,6000
2025-01,Monitor 32 Zoll Curved,Vertrieb Ost,24,24.0,480.0,481.74,270.0,5000
2025-09,Schreibtischlampe LED,Vertrieb Sued,180,163.0,38.0,39.92,14.0,800
2026-02,Maus Wireless,Vertrieb Nord,280,224.0,28.0,27.31,10.0,900
2026-02,Tastatur Wireless,Vertrieb Online,240,223.0,45.0,46.4,18.0,1200
2025-09,Maus Wireless,Vertrieb Online,280,267.0,28.0,29.64,10.0,900
2026-02,Monitor 27 Zoll,Vertrieb Online,60,60.0,280.0,258.72,160.0,4000
2026-04,Headset Business,Vertrieb Ost,120,130.0,75.0,77.74,32.0,1600
2025-08,Headset Business,Vertrieb West,120,136.0,75.0,70.76,32.0,1600
2025-10,Schreibtischlampe LED,Vertrieb Ost,180,171.0,38.0,36.89,14.0,800
2026-08,Headset Business,Vertrieb Online,120,116.0,75.0,72.37,32.0,1600
2025-02,Schreibtischlampe LED,Vertrieb Online,180,188.0,38.0,38.83,14.0,800
2026-11,Monitor 32 Zoll Curved,Vertrieb Online,24,21.0,480.0,486.24,270.0,5000
2025-05,Schreibtisch Fix,Vertrieb Nord,40,33.0,220.0,235.29,110.0,3500
2026-05,Schreibtisch Elektrisch,Vertrieb Nord,18,16.0,650.0,688.73,380.0,8000
2026-10,Monitor 27 Zoll,Vertrieb Online,60,47.0,280.0,290.15,160.0,4000
2025-02,Buerostuhl Basic,Vertrieb Nord,80,82.0,120.0,121.75,70.0,3000
2025-08,Monitor 24 Zoll,Vertrieb Nord,70,65.0,180.0,183.21,100.0,2500
2025-08,Monitor 24 Zoll,Vertrieb Online,70,69.0,180.0,178.11,100.0,2500
2025-02,Monitor 24 Zoll,Vertrieb Ost,70,78.0,180.0,176.5,100.0,2500
2026-12,Schreibtisch Elektrisch,Vertrieb Nord,18,17.0,650.0,687.3,380.0,8000
2026-04,Schreibtisch Fix,Vertrieb Sued,40,30.0,220.0,211.29,110.0,3500
2025-01,Buerostuhl Premium,Vertrieb Online,30,35.0,350.0,344.42,180.0,6000
2026-04,Monitor 24 Zoll,Vertrieb Sued,70,77.0,180.0,181.27,100.0,2500
2026-03,Tastatur Wireless,Vertrieb Online,240,208.0,45.0,43.64,18.0,1200
2025-04,Monitor 24 Zoll,Vertrieb Ost,70,65.0,180.0,193.0,100.0,2500
2026-01,Schreibtisch Elektrisch,Vertrieb Nord,18,,650.0,649.3,380.0,8000
2025-02,Maus Wireless,Vertrieb West,280,269.0,28.0,30.49,10.0,900
2026-06,Maus Wireless,Vertrieb Nord,280,286.0,28.0,28.66,10.0,900
2025-03,Tastatur Mechanisch,Vertrieb Nord,100,98.0,95.0,91.65,42.0,1800
2026-01,Monitor 24 Zoll,Vertrieb Online,70,60.0,180.0,189.6,100.0,2500
2025-01,Dockingstation USB-C,Vertrieb Sued,76,85.0,140.0,132.29,65.0,2200
2026-09,Dockingstation USB-C,Vertrieb Online,76,82.0,140.0,140.49,65.0,2200
2026-01,Maus Wireless,Vertrieb Nord,280,232.0,28.0,28.46,10.0,900
2025-02,Buerostuhl Basic,Vertrieb West,80,86.0,120.0,116.68,70.0,3000
2026-09,Schreibtischlampe LED,Vertrieb Nord,180,183.0,38.0,38.32,14.0,800
2026-01,Buerostuhl Basic,Vertrieb Sued,80,74.0,120.0,121.01,70.0,3000
2025-01,Tastatur Wireless,Vertrieb Nord,240,273.0,45.0,47.68,18.0,1200
2026-01,Tastatur Wireless,Vertrieb Online,240,229.0,45.0,44.58,18.0,1200
2025-08,Buerostuhl Ergonomic,Vertrieb Ost,18,19.0,550.0,538.1,290.0,7000
2026-04,Schreibtisch Fix,Vertrieb Nord,40,35.0,220.0,214.78,110.0,3500
2026-10,Buerostuhl Basic,Vertrieb Nord,80,81.0,120.0,122.33,70.0,3000
2026-01,Schreibtisch Elektrisch,Vertrieb Sued,18,18.0,650.0,634.47,380.0,8000
2026-03,Headset Business,Vertrieb Ost,120,105.0,75.0,83.99,32.0,1600
2025-02,Maus Wireless,Vertrieb Online,280,302.0,28.0,28.45,10.0,900
2026-01,Buerostuhl Premium,Vertrieb Nord,30,,350.0,348.5,180.0,6000
2026-07,Schreibtisch Elektrisch,Vertrieb West,18,16.0,650.0,640.56,380.0,8000
2025-11,Monitor 24 Zoll,Vertrieb Sued,70,69.0,180.0,189.07,100.0,2500
2026-03,Monitor 32 Zoll Curved,Vertrieb Nord,24,21.0,480.0,477.88,270.0,5000
2025-04,Buerostuhl Premium,Vertrieb Online,30,31.0,350.0,346.38,180.0,6000
2025-05,Monitor 24 Zoll,Vertrieb Ost,70,80.0,180.0,174.56,100.0,2500
2026-01,Dockingstation USB-C,Vertrieb West,76,67.0,140.0,128.7,65.0,2200
2026-04,Schreibtisch Elektrisch,Vertrieb Sued,18,21.0,650.0,656.08,380.0,8000
2026-09,Webcam HD,Vertrieb Nord,140,166.0,55.0,53.95,22.0,1100
2026-06,Headset Business,Vertrieb West,120,89.0,75.0,80.21,32.0,1600
2025-01,Headset Business,Vertrieb Nord,120,112.0,75.0,73.19,32.0,1600
2025-08,Monitor 27 Zoll,Vertrieb West,60,56.0,280.0,282.23,160.0,4000
2026-06,Monitor 27 Zoll,Vertrieb Sued,60,52.0,280.0,293.02,160.0,4000
2026-11,Buerostuhl Ergonomic,Vertrieb West,18,15.0,550.0,581.17,290.0,7000
2026-10,Tastatur Mechanisch,Vertrieb Ost,100,101.0,95.0,85.72,42.0,1800
2025-02,Schreibtischlampe LED,Vertrieb Nord,180,193.0,38.0,36.96,14.0,800
2025-05,Schreibtisch Elektrisch,Vertrieb Online,18,19.0,650.0,691.23,380.0,8000
2026-06,Schreibtischlampe LED,Vertrieb Ost,180,163.0,38.0,35.03,14.0,800
2025-02,Maus Wireless,Vertrieb Nord,280,260.0,28.0,30.55,10.0,900
2026-05,Schreibtisch Elektrisch,Vertrieb Sued,18,560.0,650.0,672.32,380.0,8000
2026-10,Tastatur Wireless,Vertrieb Ost,240,302.0,45.0,45.33,18.0,1200
2026-03,Monitor 32 Zoll Curved,Vertrieb Ost,24,25.0,480.0,498.44,270.0,5000
2026-12,Tastatur Mechanisch,Vertrieb Online,100,117.0,95.0,88.19,42.0,1800
2025-09,Tastatur Wireless,Vertrieb Online,240,227.0,45.0,44.28,18.0,1200
2026-08,Monitor 27 Zoll,Vertrieb Nord,60,53.0,280.0,269.78,160.0,4000
2026-09,Buerostuhl Premium,Vertrieb Online,30,32.0,350.0,353.54,180.0,6000
2026-05,Schreibtisch Fix,Vertrieb Ost,40,45.0,220.0,236.09,110.0,3500
2026-01,Monitor 32 Zoll Curved,Vertrieb Online,24,28.0,480.0,497.43,270.0,5000
2026-11,Buerostuhl Basic,Vertrieb West,80,79.0,120.0,118.95,70.0,3000
2025-05,Tastatur Wireless,Vertrieb Nord,240,269.0,45.0,42.49,18.0,1200
2026-08,Schreibtischlampe LED,Vertrieb Nord,180,151.0,38.0,36.84,14.0,800
2025-08,Buerostuhl Basic,Vertrieb Nord,80,76.0,120.0,111.84,70.0,3000
2026-08,Buerostuhl Premium,Vertrieb Online,30,33.0,350.0,351.29,180.0,6000
2026-11,Buerostuhl Ergonomic,Vertrieb Ost,18,15.0,550.0,566.47,290.0,7000
2026-01,Buerostuhl Basic,Vertrieb Ost,80,81.0,120.0,116.31,70.0,3000
2026-08,Tastatur Mechanisch,Vertrieb Online,100,99.0,95.0,97.73,42.0,1800
2026-03,Buerostuhl Premium,Vertrieb West,30,32.0,350.0,331.62,180.0,6000
2026-02,Buerostuhl Ergonomic,Vertrieb Nord,18,15.0,550.0,604.36,290.0,7000
2025-03,Maus Wireless,Vertrieb Online,280,220.0,28.0,27.51,10.0,900
2025-02,Headset Business,Vertrieb West,120,137.0,75.0,74.81,32.0,1600
2026-06,Buerostuhl Ergonomic,Vertrieb Sued,18,18.0,550.0,512.7,290.0,7000
2025-05,Schreibtisch Fix,Vertrieb Online,40,40.0,220.0,229.03,110.0,3500
2025-09,Schreibtisch Fix,Vertrieb Nord,40,34.0,220.0,220.22,110.0,3500
2026-12,Tastatur Mechanisch,Vertrieb Nord,100,103.0,95.0,100.43,42.0,1800
2026-04,Webcam HD,Vertrieb West,140,140.0,55.0,56.89,22.0,1100
2025-07,Tastatur Mechanisch,Vertrieb West,100,108.0,95.0,96.28,42.0,1800
2025-01,Monitor 24 Zoll,Vertrieb Ost,70,54.0,180.0,185.17,100.0,2500
2026-11,Schreibtischlampe LED,Vertrieb Ost,180,167.0,38.0,38.74,14.0,800
2026-07,Buerostuhl Premium,Vertrieb Nord,30,31.0,350.0,335.71,180.0,6000
2026-03,Tastatur Mechanisch,Vertrieb Online,100,79.0,95.0,94.06,42.0,1800
2025-07,Webcam HD,Vertrieb Sued,140,138.0,55.0,54.78,22.0,1100
2026-06,Monitor 27 Zoll,Vertrieb West,60,62.0,280.0,297.33,160.0,4000
2025-05,Schreibtisch Elektrisch,Vertrieb Sued,18,19.0,650.0,652.59,380.0,8000
2025-12,Schreibtisch Fix,Vertrieb Sued,40,34.0,220.0,220.13,110.0,3500
2026-07,Monitor 32 Zoll Curved,Vertrieb Ost,24,22.0,480.0,497.74,270.0,5000
2025-05,Monitor 32 Zoll Curved,Vertrieb West,24,23.0,480.0,465.08,270.0,5000
2026-07,Monitor 32 Zoll Curved,Vertrieb Online,24,22.0,480.0,460.01,270.0,5000
2025-09,Schreibtisch Elektrisch,Vertrieb Sued,18,19.0,650.0,631.35,380.0,8000
2025-04,Buerostuhl Basic,Vertrieb Nord,80,85.0,120.0,117.25,70.0,3000
2025-10,Monitor 32 Zoll Curved,Vertrieb Sued,24,23.0,480.0,484.05,270.0,5000
2026-01,Buerostuhl Premium,Vertrieb Ost,30,28.0,350.0,340.39,180.0,6000